gadmid,country
329,ALA
366,ALB
592,ALB
631,ALB
717,ALB
877,DZA
901,DZA
902,DZA
907,DZA
908,DZA
921,DZA
984,DZA
1019,DZA
1117,DZA
1157,DZA
1158,DZA
1161,DZA
1162,DZA
1184,DZA
1188,DZA
1193,DZA
1194,DZA
1195,DZA
1198,DZA
1205,DZA
1219,DZA
1223,DZA
1236,DZA
1241,DZA
1257,DZA
1260,DZA
1267,DZA
1335,DZA
1349,DZA
1404,DZA
1412,DZA
1419,DZA
1427,DZA
1436,DZA
1621,DZA
1686,DZA
1710,DZA
1721,DZA
1742,DZA
1744,DZA
1755,DZA
1784,DZA
1835,DZA
1932,DZA
2019,DZA
2227,ASM
2308,AGO
2321,AGO
2331,AGO
2337,AGO
2341,AGO
2346,AGO
2348,AGO
2374,AGO
2376,AGO
2381,AGO
2398,AGO
2409,AGO
2417,AGO
2430,AGO
2442,AGO
2468,AGO
2474,AGO
2523,AGO
2546,AGO
2547,AGO
2621,AGO
2629,AGO
2656,AGO
2660,AGO
2744,AGO
2786,AGO
2835,AIA
2837,ATG
2857,ARG
2858,ARG
2859,ARG
2862,ARG
2894,ARG
2975,ARG
3012,ARG
3013,ARG
3014,ARG
3015,ARG
3017,ARG
3029,ARG
3030,ARG
3036,ARG
3042,ARG
3045,ARG
3048,ARG
3054,ARG
3055,ARG
3063,ARG
3065,ARG
3076,ARG
3081,ARG
3082,ARG
3090,ARG
3093,ARG
3094,ARG
3096,ARG
3097,ARG
3098,ARG
3099,ARG
3104,ARG
3107,ARG
3116,ARG
3118,ARG
3119,ARG
3120,ARG
3121,ARG
3122,ARG
3123,ARG
3125,ARG
3128,ARG
3129,ARG
3135,ARG
3147,ARG
3148,ARG
3150,ARG
3151,ARG
3157,ARG
3164,ARG
3168,ARG
3169,ARG
3170,ARG
3172,ARG
3175,ARG
3181,ARG
3182,ARG
3186,ARG
3187,ARG
3188,ARG
3189,ARG
3191,ARG
3193,ARG
3194,ARG
3195,ARG
3196,ARG
3197,ARG
3200,ARG
3201,ARG
3202,ARG
3205,ARG
3208,ARG
3209,ARG
3211,ARG
3212,ARG
3213,ARG
3214,ARG
3224,ARG
3231,ARG
3237,ARG
3239,ARG
3242,ARG
3246,ARG
3249,ARG
3256,ARG
3259,ARG
3266,ARG
3268,ARG
3270,ARG
3274,ARG
3282,ARG
3286,ARG
3288,ARG
3289,ARG
3290,ARG
3293,ARG
3299,ARG
3302,ARG
3306,ARG
3307,ARG
3341,ARG
3342,ARG
3360,ABW
3362,AUS
3365,AUS
3366,AUS
3367,AUS
3368,AUS
3369,AUS
3370,AUS
3376,AUS
3378,AUS
3379,AUS
3380,AUS
3384,AUS
3385,AUS
3387,AUS
3388,AUS
3391,AUS
3393,AUS
3395,AUS
3397,AUS
3401,AUS
3402,AUS
3405,AUS
3407,AUS
3408,AUS
3410,AUS
3411,AUS
3415,AUS
3417,AUS
3420,AUS
3421,AUS
3427,AUS
3433,AUS
3434,AUS
3435,AUS
3436,AUS
3437,AUS
3438,AUS
3440,AUS
3441,AUS
3442,AUS
3444,AUS
3445,AUS
3447,AUS
3448,AUS
3459,AUS
3462,AUS
3464,AUS
3466,AUS
3469,AUS
3471,AUS
3472,AUS
3474,AUS
3485,AUS
3487,AUS
3489,AUS
3491,AUS
3492,AUS
3496,AUS
3497,AUS
3498,AUS
3499,AUS
3500,AUS
3501,AUS
3502,AUS
3503,AUS
3504,AUS
3505,AUS
3506,AUS
3508,AUS
3517,AUS
3518,AUS
3519,AUS
3520,AUS
3522,AUS
3523,AUS
3524,AUS
3525,AUS
3526,AUS
3527,AUS
3528,AUS
3529,AUS
3530,AUS
3534,AUS
3537,AUS
3541,AUS
3542,AUS
3546,AUS
3547,AUS
3548,AUS
3550,AUS
3551,AUS
3552,AUS
3554,AUS
3555,AUS
3559,AUS
3562,AUS
3566,AUS
3569,AUS
3570,AUS
3571,AUS
3573,AUS
3579,AUS
3583,AUS
3584,AUS
3586,AUS
3592,AUS
3593,AUS
3598,AUS
3601,AUS
3602,AUS
3603,AUS
3611,AUS
3615,AUS
3616,AUS
3618,AUS
3619,AUS
3620,AUS
3629,AUS
3630,AUS
3632,AUS
3637,AUS
3639,AUS
3644,AUS
3649,AUS
3650,AUS
3651,AUS
3652,AUS
3653,AUS
3654,AUS
3655,AUS
3656,AUS
3659,AUS
3661,AUS
3662,AUS
3663,AUS
3664,AUS
3665,AUS
3666,AUS
3667,AUS
3668,AUS
3671,AUS
3672,AUS
3682,AUS
3684,AUS
3686,AUS
3689,AUS
3694,AUS
3695,AUS
3696,AUS
3697,AUS
3703,AUS
3708,AUS
3709,AUS
3710,AUS
3711,AUS
3712,AUS
3714,AUS
3717,AUS
3718,AUS
3722,AUS
3730,AUS
3733,AUS
3734,AUS
3736,AUS
3737,AUS
3738,AUS
3742,AUS
3743,AUS
3744,AUS
3746,AUS
3748,AUS
3749,AUS
3753,AUS
3754,AUS
3755,AUS
3757,AUS
3758,AUS
3759,AUS
3760,AUS
3761,AUS
3762,AUS
3763,AUS
3764,AUS
3765,AUS
3766,AUS
3767,AUS
3772,AUS
3775,AUS
3777,AUS
3781,AUS
3782,AUS
3784,AUS
3786,AUS
3788,AUS
3790,AUS
3791,AUS
3792,AUS
3794,AUS
3798,AUS
3799,AUS
3802,AUS
3803,AUS
3804,AUS
3805,AUS
3806,AUS
3808,AUS
3809,AUS
3812,AUS
3815,AUS
3816,AUS
3817,AUS
3823,AUS
3824,AUS
3827,AUS
3830,AUS
3840,AUS
3842,AUS
3846,AUS
3847,AUS
3852,AUS
3853,AUS
3859,AUS
3861,AUS
3862,AUS
3864,AUS
3865,AUS
3866,AUS
3868,AUS
3871,AUS
3872,AUS
3876,AUS
3877,AUS
3881,AUS
3883,AUS
3887,AUS
3888,AUS
3889,AUS
3892,AUS
3896,AUS
3897,AUS
3898,AUS
3901,AUS
3902,AUS
3903,AUS
3904,AUS
3907,AUS
3909,AUS
3912,AUS
3914,AUS
3916,AUS
3928,AUS
3932,AUS
3938,AUS
3939,AUS
3952,AUS
3956,AUS
3966,AUS
3970,AUS
3972,AUS
3979,AUS
3984,AUS
3987,AUS
3993,AUS
3994,AUS
3996,AUS
3998,AUS
4000,AUS
4001,AUS
4004,AUS
4008,AUS
4010,AUS
4011,AUS
4014,AUS
4015,AUS
4021,AUS
4031,AUS
4032,AUS
4042,AUS
4043,AUS
4047,AUS
4050,AUS
4055,AUS
4059,AUS
4060,AUS
4061,AUS
4064,AUS
4068,AUS
4071,AUS
4072,AUS
4073,AUS
4075,AUS
4079,AUS
4080,AUS
4081,AUS
4083,AUS
4084,AUS
4087,AUS
4099,AUS
4101,AUS
4107,AUS
4108,AUS
4110,AUS
4111,AUS
4112,AUS
4113,AUS
4114,AUS
4116,AUS
4119,AUS
4120,AUS
4124,AUS
4125,AUS
4131,AUS
4133,AUS
4134,AUS
4137,AUS
4140,AUS
4141,AUS
4145,AUS
4147,AUS
4148,AUS
4150,AUS
4151,AUS
4153,AUS
4154,AUS
4157,AUS
4169,AUS
4174,AUS
4179,AUS
4181,AUS
4182,AUS
4186,AUS
4189,AUS
4190,AUS
4192,AUS
4193,AUS
4197,AUS
4201,AUS
4203,AUS
4204,AUS
4205,AUS
4207,AUS
4219,AUS
4222,AUS
4223,AUS
4224,AUS
4226,AUS
4229,AUS
4231,AUS
4232,AUS
4235,AUS
4239,AUS
4240,AUS
4241,AUS
4244,AUS
4246,AUS
4247,AUS
4250,AUS
4251,AUS
4253,AUS
4255,AUS
4257,AUS
4258,AUS
4260,AUS
4261,AUS
4266,AUS
4269,AUS
4270,AUS
4271,AUS
4273,AUS
4274,AUS
4275,AUS
4276,AUS
4277,AUS
4278,AUS
4279,AUS
4282,AUS
4283,AUS
4286,AUS
4287,AUS
4289,AUS
4295,AUS
4299,AUS
4300,AUS
4301,AUS
4302,AUS
4303,AUS
4304,AUS
4305,AUS
4306,AUS
4307,AUS
4308,AUS
4309,AUS
4310,AUS
4311,AUS
4312,AUS
4315,AUS
4317,AUS
4320,AUS
4322,AUS
4324,AUS
4325,AUS
4326,AUS
4328,AUS
4329,AUS
4330,AUS
4331,AUS
4332,AUS
4334,AUS
4335,AUS
4336,AUS
4337,AUS
4338,AUS
4340,AUS
4342,AUS
4343,AUS
4344,AUS
4345,AUS
4350,AUS
4353,AUS
4356,AUS
4357,AUS
4359,AUS
4367,AUS
4371,AUS
4374,AUS
4385,AUS
4394,AUS
4395,AUS
4398,AUS
4410,AUS
4414,AUS
4415,AUS
4417,AUS
4422,AUS
4423,AUS
4459,AUS
4478,AUS
4481,AUS
4501,AUS
4509,AUS
4513,AUS
4525,AUS
4529,AUS
4532,AUS
4551,AUS
4571,AUS
4575,AUS
4576,AUS
4578,AUS
4596,AUS
4604,AUS
4605,AUS
4606,AUS
4611,AUS
4617,AUS
4618,AUS
4620,AUS
4622,AUS
4625,AUS
4629,AUS
4633,AUS
4635,AUS
4637,AUS
4639,AUS
4640,AUS
4641,AUS
4645,AUS
4648,AUS
4650,AUS
4653,AUS
4654,AUS
4655,AUS
4656,AUS
4657,AUS
4658,AUS
4659,AUS
4661,AUS
4662,AUS
4663,AUS
4664,AUS
4666,AUS
4668,AUS
4669,AUS
4670,AUS
4671,AUS
4672,AUS
4673,AUS
4674,AUS
4675,AUS
4677,AUS
4678,AUS
4679,AUS
4680,AUS
4681,AUS
4682,AUS
4683,AUS
4684,AUS
4685,AUS
4687,AUS
4688,AUS
4689,AUS
4690,AUS
4691,AUS
4692,AUS
4693,AUS
4695,AUS
4696,AUS
4697,AUS
4698,AUS
4699,AUS
4700,AUS
4701,AUS
4702,AUS
4703,AUS
4704,AUS
4705,AUS
4706,AUS
4707,AUS
4708,AUS
4709,AUS
4710,AUS
4711,AUS
4714,AUS
4715,AUS
4716,AUS
4717,AUS
4718,AUS
4719,AUS
4720,AUS
4721,AUS
4722,AUS
4724,AUS
4728,AUS
4729,AUS
4730,AUS
4731,AUS
4732,AUS
4733,AUS
4734,AUS
4738,AUS
4750,AUS
4756,AUS
4926,BHS
4959,BHR
4962,BHR
4963,BGD
4964,BGD
4965,BGD
4966,BGD
4968,BGD
4969,BGD
4970,BGD
4971,BGD
4972,BGD
4973,BGD
4974,BGD
4975,BGD
4976,BGD
4977,BGD
4978,BGD
4979,BGD
4980,BGD
4981,BGD
4982,BGD
4986,BGD
4987,BGD
4990,BGD
4992,BGD
4993,BGD
4997,BGD
4998,BGD
4999,BGD
5000,BGD
5001,BGD
5002,BGD
5003,BGD
5004,BGD
5005,BGD
5006,BGD
5007,BGD
5008,BGD
5009,BGD
5010,BGD
5012,BGD
5014,BGD
5015,BGD
5016,BGD
5018,BGD
5019,BGD
5020,BGD
5023,BGD
5024,BGD
5026,BGD
5027,BGD
5028,BGD
5031,BGD
5033,BGD
5034,BGD
5036,BGD
5041,BGD
5042,BGD
5043,BGD
5044,BGD
5045,BGD
5046,BGD
5052,BGD
5057,BGD
5066,BGD
5067,BGD
5069,BGD
5074,BGD
5075,BGD
5077,BGD
5079,BGD
5080,BGD
5081,BGD
5082,BGD
5083,BGD
5084,BGD
5085,BGD
5086,BGD
5087,BGD
5088,BGD
5089,BGD
5090,BGD
5091,BGD
5092,BGD
5093,BGD
5096,BGD
5098,BGD
5100,BGD
5101,BGD
5102,BGD
5104,BGD
5105,BGD
5106,BGD
5107,BGD
5108,BGD
5109,BGD
5110,BGD
5111,BGD
5112,BGD
5113,BGD
5114,BGD
5115,BGD
5116,BGD
5117,BGD
5118,BGD
5119,BGD
5120,BGD
5121,BGD
5122,BGD
5123,BGD
5124,BGD
5125,BGD
5127,BGD
5129,BGD
5130,BGD
5131,BGD
5132,BGD
5133,BGD
5134,BGD
5135,BGD
5136,BGD
5137,BGD
5138,BGD
5139,BGD
5141,BGD
5142,BGD
5143,BGD
5144,BGD
5145,BGD
5146,BGD
5147,BGD
5148,BGD
5150,BGD
5151,BGD
5152,BGD
5153,BGD
5154,BGD
5155,BGD
5156,BGD
5157,BGD
5158,BGD
5159,BGD
5160,BGD
5163,BGD
5164,BGD
5165,BGD
5167,BGD
5169,BGD
5170,BGD
5171,BGD
5172,BGD
5173,BGD
5174,BGD
5175,BGD
5176,BGD
5178,BGD
5179,BGD
5181,BGD
5182,BGD
5183,BGD
5184,BGD
5185,BGD
5186,BGD
5187,BGD
5188,BGD
5190,BGD
5191,BGD
5192,BGD
5194,BGD
5196,BGD
5197,BGD
5198,BGD
5199,BGD
5200,BGD
5201,BGD
5202,BGD
5203,BGD
5204,BGD
5205,BGD
5206,BGD
5207,BGD
5208,BGD
5209,BGD
5210,BGD
5211,BGD
5212,BGD
5213,BGD
5214,BGD
5215,BGD
5216,BGD
5217,BGD
5218,BGD
5219,BGD
5220,BGD
5221,BGD
5222,BGD
5223,BGD
5224,BGD
5225,BGD
5226,BGD
5227,BGD
5229,BGD
5230,BGD
5231,BGD
5232,BGD
5233,BGD
5234,BGD
5236,BGD
5237,BGD
5238,BGD
5239,BGD
5240,BGD
5241,BGD
5242,BGD
5244,BGD
5245,BGD
5246,BGD
5247,BGD
5248,BGD
5249,BGD
5250,BGD
5251,BGD
5252,BGD
5253,BGD
5254,BGD
5255,BGD
5256,BGD
5257,BGD
5258,BGD
5260,BGD
5261,BGD
5262,BGD
5263,BGD
5264,BGD
5265,BGD
5266,BGD
5267,BGD
5268,BGD
5270,BGD
5271,BGD
5272,BGD
5273,BGD
5275,BGD
5276,BGD
5277,BGD
5278,BGD
5279,BGD
5280,BGD
5281,BGD
5282,BGD
5283,BGD
5284,BGD
5286,BGD
5287,BGD
5288,BGD
5290,BGD
5291,BGD
5293,BGD
5295,BGD
5296,BGD
5297,BGD
5298,BGD
5299,BGD
5300,BGD
5301,BGD
5302,BGD
5303,BGD
5304,BGD
5305,BGD
5307,BGD
5308,BGD
5309,BGD
5310,BGD
5311,BGD
5312,BGD
5313,BGD
5314,BGD
5316,BGD
5317,BGD
5318,BGD
5319,BGD
5320,BGD
5321,BGD
5322,BGD
5323,BGD
5324,BGD
5325,BGD
5326,BGD
5327,BGD
5328,BGD
5329,BGD
5330,BGD
5331,BGD
5332,BGD
5333,BGD
5334,BGD
5336,BGD
5337,BGD
5338,BGD
5339,BGD
5340,BGD
5341,BGD
5342,BGD
5343,BGD
5344,BGD
5345,BGD
5346,BGD
5347,BGD
5348,BGD
5350,BGD
5352,BGD
5354,BGD
5355,BGD
5356,BGD
5357,BGD
5358,BGD
5360,BGD
5361,BGD
5362,BGD
5363,BGD
5365,BGD
5366,BGD
5367,BGD
5368,BGD
5369,BGD
5370,BGD
5371,BGD
5372,BGD
5373,BGD
5374,BGD
5375,BGD
5376,BGD
5378,BGD
5379,BGD
5380,BGD
5381,BGD
5382,BGD
5384,BGD
5385,BGD
5386,BGD
5387,BGD
5388,BGD
5389,BGD
5390,BGD
5391,BGD
5392,BGD
5395,BGD
5396,BGD
5397,BGD
5398,BGD
5399,BGD
5400,BGD
5401,BGD
5402,BGD
5403,BGD
5404,BGD
5405,BGD
5406,BGD
5407,BGD
5408,BGD
5409,BGD
5411,BGD
5412,BGD
5413,BGD
5414,BGD
5415,BGD
5416,BGD
5417,BGD
5418,BGD
5419,BGD
5420,BGD
5421,BGD
5422,BGD
5424,BGD
5425,BGD
5426,BRB
5604,BEL
5629,BEL
5654,BEL
5696,BEL
5705,BEL
5767,BEL
5771,BEL
5794,BEL
5795,BEL
5806,BEL
5808,BEL
5815,BEL
5840,BEL
5862,BEL
5991,BEL
6084,BEL
6144,BLZ
6148,BLZ
6162,BEN
6165,BEN
6167,BEN
6168,BEN
6196,BEN
6209,BEN
6212,BEN
6213,BEN
6214,BEN
6215,BEN
6217,BEN
6219,BEN
6220,BEN
6221,BEN
6222,BEN
6224,BEN
6225,BEN
6226,BMU
6757,BES
6797,BIH
6953,BRA
6988,BRA
7072,BRA
7078,BRA
7162,BRA
7167,BRA
7171,BRA
7189,BRA
7198,BRA
7200,BRA
7206,BRA
7207,BRA
7214,BRA
7215,BRA
7218,BRA
7220,BRA
7229,BRA
7233,BRA
7236,BRA
7239,BRA
7242,BRA
7248,BRA
7249,BRA
7250,BRA
7251,BRA
7262,BRA
7280,BRA
7291,BRA
7295,BRA
7298,BRA
7314,BRA
7320,BRA
7326,BRA
7327,BRA
7332,BRA
7333,BRA
7334,BRA
7338,BRA
7345,BRA
7347,BRA
7350,BRA
7354,BRA
7358,BRA
7424,BRA
7436,BRA
7437,BRA
7438,BRA
7445,BRA
7487,BRA
7488,BRA
7489,BRA
7494,BRA
7537,BRA
7538,BRA
7539,BRA
7540,BRA
7541,BRA
7556,BRA
7567,BRA
7627,BRA
7634,BRA
7640,BRA
7641,BRA
7643,BRA
7650,BRA
7656,BRA
7658,BRA
7662,BRA
7664,BRA
7668,BRA
7675,BRA
7681,BRA
7682,BRA
7693,BRA
7699,BRA
7718,BRA
7732,BRA
7741,BRA
7745,BRA
7750,BRA
7754,BRA
7760,BRA
7763,BRA
7773,BRA
7781,BRA
7798,BRA
7833,BRA
7844,BRA
7876,BRA
7885,BRA
7951,BRA
7957,BRA
7966,BRA
7980,BRA
7987,BRA
7994,BRA
8010,BRA
8050,BRA
8092,BRA
8100,BRA
8170,BRA
8184,BRA
8220,BRA
8224,BRA
8229,BRA
8269,BRA
8275,BRA
8291,BRA
8309,BRA
8317,BRA
8389,BRA
8476,BRA
8480,BRA
8515,BRA
8610,BRA
8649,BRA
8750,BRA
8870,BRA
8881,BRA
8973,BRA
9029,BRA
9184,BRA
9308,BRA
9330,BRA
9388,BRA
9400,BRA
9473,BRA
9493,BRA
9520,BRA
9530,BRA
9535,BRA
9567,BRA
9599,BRA
9607,BRA
9718,BRA
9721,BRA
9744,BRA
9759,BRA
9774,BRA
9782,BRA
9812,BRA
9830,BRA
9843,BRA
9893,BRA
9898,BRA
9921,BRA
9923,BRA
10033,BRA
10064,BRA
10104,BRA
10312,BRA
10353,BRA
10445,BRA
10447,BRA
10587,BRA
10612,BRA
10637,BRA
10642,BRA
10649,BRA
10656,BRA
10699,BRA
10702,BRA
10703,BRA
10708,BRA
10712,BRA
10739,BRA
10786,BRA
10791,BRA
10837,BRA
10840,BRA
11168,BRA
11191,BRA
11218,BRA
11261,BRA
11288,BRA
11311,BRA
11328,BRA
11340,BRA
11545,BRA
11583,BRA
11693,BRA
11770,BRA
11806,BRA
11857,BRA
11892,BRA
11937,BRA
11958,BRA
11962,BRA
12028,BRA
12044,BRA
12098,BRA
12214,BRA
12241,BRA
12257,BRA
12498,BRA
12626,BRA
12819,BRA
12923,BRA
12950,BRA
13056,BRA
13060,BRA
13080,BRA
13161,BRA
13240,BRA
13250,BRA
13257,BRA
13262,BRA
13281,BRA
13305,BRA
13316,BRA
13327,BRA
13353,BRA
13451,BRA
13492,BRA
13493,BRA
13687,BRA
13699,BRA
13793,BRA
13920,BRA
13933,BRA
13983,BRA
14012,BRA
14013,BRA
14017,BRA
14141,BRA
14149,BRA
14204,BRA
14231,BRA
14235,BRA
14239,BRA
14394,BRA
14395,BRA
14401,BRA
14426,BRA
14487,BRA
14502,BRA
14537,BRA
14538,BRA
14552,BRA
14563,BRA
14578,BRA
14620,BRA
14627,BRA
14636,BRA
14654,BRA
14658,BRA
14663,BRA
14670,BRA
14672,BRA
14673,BRA
14679,BRA
14691,BRA
14705,BRA
14711,BRA
14726,BRA
14729,BRA
14733,BRA
14740,BRA
14753,BRA
14760,BRA
14767,BRA
14812,BRA
14813,BRA
14821,BRA
14879,BRA
14883,BRA
14924,BRA
15045,BRA
15112,BRA
15163,BRA
15343,BRA
15351,BRA
15368,BRA
15527,BRA
15547,BRA
15551,BRA
15564,BRA
15577,BRA
15579,BRA
15598,BRA
15602,BRA
15626,BRA
15673,BRA
15708,BRA
15732,BRA
15735,BRA
15761,BRA
15773,BRA
15786,BRA
15808,BRA
15818,BRA
15827,BRA
15885,BRA
15897,BRA
15940,BRA
15993,BRA
16050,BRA
16092,BRA
16130,BRA
16133,BRA
16139,BRA
16166,BRA
16224,BRA
16280,BRA
16281,BRA
16297,BRA
16307,BRA
16309,BRA
16410,BRA
16415,BRA
16416,BRA
16425,BRA
16488,BRA
16491,BRA
16496,BRA
16511,BRA
16589,BRA
16630,BRA
16636,BRA
16653,BRA
16661,BRA
16662,BRA
16663,BRA
16664,BRA
16665,BRA
16668,BRA
16678,BRA
16685,BRA
16687,BRA
16695,BRA
16716,BRA
16736,BRA
16753,BRA
16759,BRA
16768,BRA
16780,BRA
16783,BRA
16808,BRA
16812,BRA
16825,BRA
16839,BRA
16846,BRA
16848,BRA
16850,BRA
16855,BRA
16856,BRA
16857,BRA
16860,BRA
16874,BRA
16881,BRA
16886,BRA
16908,BRA
16920,BRA
16923,BRA
16927,BRA
16928,BRA
16929,BRA
16936,BRA
16943,BRA
16947,BRA
16950,BRA
16951,BRA
16952,BRA
16954,BRA
16957,BRA
16960,BRA
16969,BRA
16970,BRA
16974,BRA
16976,BRA
16977,BRA
16978,BRA
16981,BRA
16984,BRA
16985,BRA
16986,BRA
16989,BRA
16990,BRA
16992,BRA
16995,BRA
16996,BRA
17017,BRA
17018,BRA
17023,BRA
17025,BRA
17027,BRA
17030,BRA
17033,BRA
17036,BRA
17039,BRA
17054,BRA
17055,BRA
17060,BRA
17064,BRA
17090,BRA
17091,BRA
17092,BRA
17093,BRA
17094,BRA
17096,BRA
17099,BRA
17100,BRA
17102,BRA
17104,BRA
17105,BRA
17107,BRA
17111,BRA
17115,BRA
17116,BRA
17118,BRA
17119,BRA
17121,VGB
17122,BRN
17279,BGR
17297,BGR
26481,KHM
26505,KHM
26518,KHM
26565,KHM
26654,KHM
26765,KHM
26770,KHM
27118,KHM
27130,KHM
27162,KHM
27176,KHM
27180,KHM
27198,KHM
27214,KHM
27215,KHM
27222,KHM
27252,KHM
27258,KHM
27289,KHM
27325,KHM
27355,KHM
27360,KHM
27364,KHM
27413,KHM
27427,KHM
27523,KHM
27559,KHM
27594,KHM
27596,KHM
27619,KHM
27626,KHM
27630,KHM
27656,KHM
27672,KHM
27900,KHM
27956,KHM
28027,KHM
28048,KHM
28054,CMR
28055,CMR
28056,CMR
28062,CMR
28064,CMR
28069,CMR
28083,CMR
28106,CMR
28120,CAN
28128,CAN
28130,CAN
28131,CAN
28139,CAN
28140,CAN
28141,CAN
28145,CAN
28155,CAN
28161,CAN
28163,CAN
28178,CAN
28181,CAN
28203,CAN
28210,CAN
28263,CAN
28267,CAN
28315,CAN
28333,CAN
28334,CAN
28335,CAN
28337,CAN
28338,CAN
28374,CAN
28375,CAN
28376,CAN
28377,CAN
28378,CAN
28379,CAN
28380,CAN
28381,CAN
28383,CAN
28384,CAN
28385,CAN
28386,CAN
28387,CAN
28388,CAN
28389,CAN
28391,CAN
28392,CAN
28396,CAN
28397,CAN
28398,CAN
28399,CAN
28402,CAN
28405,CAN
28408,CAN
28412,CAN
28414,CAN
28415,CAN
28418,CAN
28422,CAN
28424,CAN
28425,CAN
28430,CAN
28472,CAN
28488,CAN
28490,CAN
28495,CAN
28516,CAN
28530,CAN
28544,CAN
28587,CAN
28590,CAN
28597,CAN
28608,CAN
28618,CAN
28636,CAN
28642,CAN
28649,CAN
28653,CAN
28691,CAN
28693,CAN
28737,CAN
28746,CAN
28806,CAN
28842,CAN
28907,CAN
28933,CAN
28950,CAN
28966,CAN
28975,CAN
28977,CAN
29012,CAN
29045,CAN
29058,CAN
29103,CAN
29115,CAN
29121,CAN
29122,CAN
29128,CAN
29182,CAN
29187,CAN
29208,CAN
29284,CAN
29337,CAN
29381,CAN
29399,CAN
29452,CAN
29472,CAN
29588,CAN
29589,CAN
29621,CAN
29653,CAN
29660,CAN
29668,CAN
29675,CAN
29812,CAN
29864,CAN
29933,CAN
29943,CAN
29952,CAN
30002,CAN
30023,CAN
30031,CAN
30038,CAN
30140,CAN
30145,CAN
30188,CAN
30195,CAN
30208,CAN
30234,CAN
30266,CAN
30270,CAN
30303,CAN
30362,CAN
30436,CAN
30494,CAN
30520,CAN
30523,CAN
30540,CAN
30542,CAN
30567,CAN
30585,CAN
30618,CAN
30665,CAN
30672,CAN
30674,CAN
30682,CAN
30683,CAN
30689,CAN
30701,CAN
30703,CAN
30730,CAN
30755,CAN
30756,CAN
30780,CAN
30821,CAN
30836,CAN
30848,CAN
30850,CAN
30899,CAN
30933,CAN
31072,CAN
31082,CAN
31096,CAN
31116,CAN
31141,CAN
31159,CAN
31162,CAN
31193,CAN
31196,CAN
31207,CAN
31248,CAN
31264,CAN
31270,CAN
31274,CAN
31291,CAN
31307,CAN
31380,CAN
31396,CAN
31483,CAN
31490,CAN
31493,CAN
31530,CAN
31533,CAN
31535,CAN
31544,CAN
31554,CAN
31611,CAN
31619,CAN
31637,CAN
31686,CAN
31731,CAN
31742,CAN
31747,CAN
31774,CAN
31779,CAN
31787,CAN
31801,CAN
31818,CAN
31826,CAN
31839,CAN
31842,CAN
31913,CAN
31937,CAN
31978,CAN
32092,CAN
32130,CAN
32136,CAN
32137,CAN
32154,CAN
32193,CAN
32202,CAN
32305,CAN
32422,CAN
32519,CAN
32580,CAN
32622,CAN
32635,CAN
32638,CAN
32663,CAN
32673,CAN
32714,CAN
32757,CAN
32758,CAN
32852,CAN
32886,CAN
32932,CAN
32933,CAN
33000,CAN
33006,CAN
33009,CAN
33013,CAN
33018,CAN
33025,CAN
33043,CAN
33046,CAN
33051,CAN
33074,CAN
33087,CAN
33126,CAN
33136,CAN
33153,CAN
33163,CAN
33166,CAN
33184,CAN
33187,CAN
33190,CAN
33193,CAN
33195,CAN
33197,CAN
33198,CAN
33200,CAN
33211,CAN
33223,CAN
33252,CAN
33262,CAN
33283,CAN
33295,CAN
33346,CAN
33363,CAN
33365,CAN
33392,CAN
33398,CAN
33414,CAN
33452,CAN
33469,CAN
33474,CAN
33481,CAN
33489,CAN
33492,CAN
33500,CAN
33504,CAN
33509,CAN
33515,CAN
33524,CAN
33526,CAN
33535,CAN
33537,CAN
33546,CAN
33547,CAN
33613,CAN
33615,CAN
33621,CAN
33632,CAN
33639,CAN
33701,CPV
33719,CYM
34126,CHL
34130,CHL
34131,CHL
34134,CHL
34135,CHL
34139,CHL
34141,CHL
34145,CHL
34158,CHL
34164,CHL
34168,CHL
34170,CHL
34172,CHL
34183,CHL
34184,CHL
34187,CHL
34190,CHL
34193,CHL
34196,CHL
34198,CHL
34201,CHL
34202,CHL
34204,CHL
34205,CHL
34211,CHL
34213,CHL
34214,CHL
34216,CHL
34218,CHL
34220,CHL
34227,CHL
34230,CHL
34240,CHL
34242,CHL
34244,CHL
34248,CHL
34249,CHL
34263,CHL
34264,CHL
34271,CHL
34274,CHL
34283,CHL
34284,CHL
34289,CHL
34293,CHL
34303,CHL
34307,CHL
34310,CHL
34314,CHL
34315,CHL
34322,CHL
34342,CHL
34346,CHL
34349,CHL
34358,CHL
34368,CHL
34369,CHL
34375,CHL
34378,CHL
34379,CHL
34380,CHL
34381,CHL
34386,CHL
34387,CHL
34390,CHL
34391,CHL
34392,CHL
34395,CHL
34396,CHL
34397,CHL
34398,CHL
34399,CHL
34400,CHL
34402,CHL
34403,CHL
34404,CHL
34405,CHL
34406,CHL
34408,CHL
34410,CHL
34412,CHL
34414,CHL
34415,CHL
34416,CHL
34417,CHL
34418,CHL
34419,CHL
34420,CHL
34421,CHL
34422,CHL
34430,CHN
34432,CHN
34433,CHN
34435,CHN
34438,CHN
34443,CHN
34444,CHN
34460,CHN
34462,CHN
34464,CHN
34465,CHN
34479,CHN
34480,CHN
34486,CHN
34488,CHN
34491,CHN
34493,CHN
34505,CHN
34536,CHN
34539,CHN
34541,CHN
34542,CHN
34544,CHN
34549,CHN
34553,CHN
34555,CHN
34556,CHN
34569,CHN
34577,CHN
34578,CHN
34579,CHN
34581,CHN
34597,CHN
34601,CHN
34604,CHN
34608,CHN
34610,CHN
34619,CHN
34622,CHN
34624,CHN
34627,CHN
34630,CHN
34631,CHN
34635,CHN
34637,CHN
34640,CHN
34643,CHN
34744,CHN
34748,CHN
34749,CHN
34752,CHN
34753,CHN
34785,CHN
34790,CHN
34792,CHN
34797,CHN
34884,CHN
34911,CHN
34916,CHN
34926,CHN
34930,CHN
34935,CHN
34941,CHN
34947,CHN
34950,CHN
34951,CHN
34953,CHN
34954,CHN
34955,CHN
34958,CHN
34964,CHN
34971,CHN
34975,CHN
34979,CHN
34984,CHN
34986,CHN
34989,CHN
34991,CHN
34992,CHN
34994,CHN
34996,CHN
34998,CHN
35001,CHN
35003,CHN
35008,CHN
35009,CHN
35014,CHN
35015,CHN
35016,CHN
35021,CHN
35022,CHN
35023,CHN
35024,CHN
35025,CHN
35026,CHN
35027,CHN
35029,CHN
35031,CHN
35039,CHN
35049,CHN
35054,CHN
35069,CHN
35072,CHN
35080,CHN
35083,CHN
35085,CHN
35087,CHN
35088,CHN
35089,CHN
35092,CHN
35095,CHN
35098,CHN
35101,CHN
35102,CHN
35103,CHN
35104,CHN
35107,CHN
35108,CHN
35112,CHN
35114,CHN
35116,CHN
35119,CHN
35120,CHN
35122,CHN
35123,CHN
35125,CHN
35129,CHN
35130,CHN
35131,CHN
35136,CHN
35138,CHN
35139,CHN
35141,CHN
35144,CHN
35145,CHN
35147,CHN
35148,CHN
35150,CHN
35152,CHN
35154,CHN
35158,CHN
35165,CHN
35166,CHN
35167,CHN
35170,CHN
35172,CHN
35175,CHN
35179,CHN
35181,CHN
35182,CHN
35183,CHN
35185,CHN
35187,CHN
35188,CHN
35190,CHN
35192,CHN
35193,CHN
35195,CHN
35196,CHN
35197,CHN
35198,CHN
35201,CHN
35204,CHN
35205,CHN
35206,CHN
35207,CHN
35208,CHN
35209,CHN
35210,CHN
35211,CHN
35212,CHN
35217,CHN
35220,CHN
35221,CHN
35222,CHN
35223,CHN
35228,CHN
35241,CHN
35242,CHN
35262,CHN
35263,CHN
35266,CHN
35267,CHN
35269,CHN
35270,CHN
35271,CHN
35272,CHN
35273,CHN
35280,CHN
35288,CHN
35290,CHN
35293,CHN
35296,CHN
35297,CHN
35301,CHN
35304,CHN
35305,CHN
35306,CHN
35308,CHN
35315,CHN
35317,CHN
35319,CHN
35320,CHN
35321,CHN
35322,CHN
35329,CHN
35330,CHN
35331,CHN
35332,CHN
35333,CHN
35335,CHN
35336,CHN
35339,CHN
35344,CHN
35347,CHN
35351,CHN
35352,CHN
35355,CHN
35357,CHN
35359,CHN
35360,CHN
35361,CHN
35362,CHN
35365,CHN
35366,CHN
35368,CHN
35369,CHN
35370,CHN
35372,CHN
35375,CHN
35376,CHN
35377,CHN
35380,CHN
35385,CHN
35386,CHN
35388,CHN
35390,CHN
35395,CHN
35411,CHN
35415,CHN
35417,CHN
35419,CHN
35420,CHN
35423,CHN
35427,CHN
35428,CHN
35433,CHN
35434,CHN
35435,CHN
35436,CHN
35440,CHN
35442,CHN
35446,CHN
35454,CHN
35455,CHN
35456,CHN
35457,CHN
35460,CHN
35465,CHN
35468,CHN
35470,CHN
35471,CHN
35474,CHN
35480,CHN
35486,CHN
35488,CHN
35490,CHN
35493,CHN
35496,CHN
35499,CHN
35500,CHN
35510,CHN
35517,CHN
35527,CHN
35578,CHN
35581,CHN
35582,CHN
35583,CHN
35584,CHN
35587,CHN
35588,CHN
35590,CHN
35591,CHN
35596,CHN
35598,CHN
35603,CHN
35605,CHN
35606,CHN
35610,CHN
35612,CHN
35613,CHN
35617,CHN
35621,CHN
35632,CHN
35640,CHN
35642,CHN
35645,CHN
35647,CHN
35648,CHN
35649,CHN
35657,CHN
35660,CHN
35661,CHN
35663,CHN
35664,CHN
35666,CHN
35667,CHN
35668,CHN
35669,CHN
35670,CHN
35671,CHN
35672,CHN
35673,CHN
35674,CHN
35676,CHN
35680,CHN
35684,CHN
35686,CHN
35688,CHN
35695,CHN
35699,CHN
35700,CHN
35701,CHN
35703,CHN
35704,CHN
35713,CHN
35723,CHN
35729,CHN
35733,CHN
35735,CHN
35742,CHN
35760,CHN
35762,CHN
35763,CHN
35764,CHN
35772,CHN
35773,CHN
35796,CHN
35801,CHN
35802,CHN
35803,CHN
35804,CHN
35808,CHN
35812,CHN
35818,CHN
35825,CHN
35827,CHN
35831,CHN
35834,CHN
35835,CHN
35840,CHN
35845,CHN
35846,CHN
35847,CHN
35848,CHN
35850,CHN
35851,CHN
35852,CHN
35854,CHN
35866,CHN
35881,CHN
35882,CHN
35883,CHN
35884,CHN
35886,CHN
35888,CHN
35889,CHN
35890,CHN
35892,CHN
35893,CHN
35897,CHN
35899,CHN
35900,CHN
35902,CHN
35916,CHN
35924,CHN
35928,CHN
35929,CHN
35931,CHN
35932,CHN
35933,CHN
35941,CHN
35945,CHN
35948,CHN
35953,CHN
35955,CHN
35959,CHN
35961,CHN
35966,CHN
35968,CHN
35971,CHN
35974,CHN
35976,CHN
35977,CHN
35982,CHN
35988,CHN
35991,CHN
35995,CHN
36000,CHN
36003,CHN
36005,CHN
36008,CHN
36012,CHN
36014,CHN
36016,CHN
36017,CHN
36018,CHN
36021,CHN
36022,CHN
36024,CHN
36026,CHN
36032,CHN
36033,CHN
36037,CHN
36038,CHN
36040,CHN
36044,CHN
36045,CHN
36047,CHN
36049,CHN
36052,CHN
36056,CHN
36057,CHN
36060,CHN
36062,CHN
36063,CHN
36065,CHN
36066,CHN
36071,CHN
36072,CHN
36075,CHN
36076,CHN
36082,CHN
36084,CHN
36085,CHN
36090,CHN
36091,CHN
36093,CHN
36095,CHN
36098,CHN
36099,CHN
36101,CHN
36106,CHN
36110,CHN
36111,CHN
36113,CHN
36114,CHN
36115,CHN
36120,CHN
36121,CHN
36123,CHN
36124,CHN
36125,CHN
36127,CHN
36129,CHN
36131,CHN
36132,CHN
36134,CHN
36135,CHN
36137,CHN
36140,CHN
36142,CHN
36144,CHN
36149,CHN
36150,CHN
36151,CHN
36154,CHN
36155,CHN
36159,CHN
36160,CHN
36162,CHN
36163,CHN
36166,CHN
36169,CHN
36170,CHN
36171,CHN
36174,CHN
36175,CHN
36179,CHN
36182,CHN
36184,CHN
36185,CHN
36189,CHN
36191,CHN
36196,CHN
36198,CHN
36199,CHN
36202,CHN
36203,CHN
36205,CHN
36206,CHN
36207,CHN
36214,CHN
36215,CHN
36218,CHN
36219,CHN
36220,CHN
36221,CHN
36224,CHN
36227,CHN
36230,CHN
36231,CHN
36232,CHN
36233,CHN
36235,CHN
36242,CHN
36245,CHN
36246,CHN
36247,CHN
36250,CHN
36256,CHN
36257,CHN
36263,CHN
36265,CHN
36266,CHN
36269,CHN
36270,CHN
36276,CHN
36281,CHN
36287,CHN
36289,CHN
36293,CHN
36294,CHN
36299,CHN
36304,CHN
36308,CHN
36309,CHN
36312,CHN
36316,CHN
36317,CHN
36319,CHN
36325,CHN
36345,CHN
36348,CHN
36350,CHN
36353,CHN
36357,CHN
36358,CHN
36360,CHN
36364,CHN
36373,CHN
36376,CHN
36380,CHN
36387,CHN
36389,CHN
36390,CHN
36391,CHN
36392,CHN
36395,CHN
36400,CHN
36401,CHN
36403,CHN
36411,CHN
36417,CHN
36428,CHN
36493,CHN
36513,CHN
36515,CHN
36520,CHN
36536,CHN
36537,CHN
36539,CHN
36563,CHN
36569,CHN
36593,CHN
36595,CHN
36610,CHN
36619,CHN
36638,CHN
36648,CHN
36660,CHN
36670,CHN
36682,CHN
36692,CHN
36694,CHN
36695,CHN
36696,CHN
36698,CHN
36708,CHN
36712,CHN
36715,CHN
36718,CHN
36719,CHN
36721,CHN
36722,CHN
36728,CHN
36730,CHN
36732,CHN
36733,CHN
36734,CHN
36735,CHN
36737,CHN
36738,CHN
36739,CHN
36740,CHN
36741,CHN
36743,CHN
36745,CHN
36749,CHN
36750,CHN
36752,CHN
36754,CHN
36756,CHN
36757,CHN
36759,CHN
36761,CHN
36763,CHN
36764,CHN
36765,CHN
36769,CHN
36773,CHN
36776,CHN
36777,CHN
36781,CHN
36785,CHN
36786,CHN
36787,CHN
36788,CHN
36790,CHN
36791,CHN
36792,CHN
36793,CHN
36794,CHN
36795,CHN
36798,CHN
36799,CHN
36801,CHN
36802,CHN
36803,CHN
36804,CHN
36805,CHN
36808,CHN
36810,CHN
36811,CHN
36812,CHN
36813,CHN
36814,CHN
36815,CHN
36816,CHN
36817,CHN
36818,CHN
36819,CHN
36820,CHN
36821,CHN
36822,CHN
36823,CHN
36824,CHN
36825,CHN
36826,CHN
36827,CHN
36828,CHN
36829,CHN
36830,CHN
36841,COL
36843,COL
36845,COL
36859,COL
36866,COL
36868,COL
36869,COL
36936,COL
36948,COL
36955,COL
36956,COL
36961,COL
36963,COL
36964,COL
36965,COL
36966,COL
36967,COL
36968,COL
36970,COL
36971,COL
36975,COL
36976,COL
36977,COL
36978,COL
36980,COL
36981,COL
36986,COL
36988,COL
36992,COL
36994,COL
37001,COL
37015,COL
37016,COL
37017,COL
37018,COL
37021,COL
37040,COL
37052,COL
37055,COL
37057,COL
37058,COL
37106,COL
37108,COL
37110,COL
37113,COL
37118,COL
37119,COL
37151,COL
37160,COL
37166,COL
37167,COL
37172,COL
37180,COL
37183,COL
37189,COL
37190,COL
37192,COL
37193,COL
37194,COL
37195,COL
37198,COL
37199,COL
37204,COL
37205,COL
37207,COL
37210,COL
37214,COL
37220,COL
37225,COL
37236,COL
37241,COL
37242,COL
37243,COL
37247,COL
37252,COL
37259,COL
37280,COL
37281,COL
37311,COL
37323,COL
37341,COL
37348,COL
37360,COL
37414,COL
37438,COL
37558,COL
37577,COL
37598,COL
37639,COL
37696,COL
37733,COL
37772,COL
37793,COL
37796,COL
37806,COL
37807,COL
37808,COL
37817,COL
37823,COL
37904,COM
37907,COK
37923,CRI
37932,CRI
37934,CRI
37935,CRI
37965,CRI
37972,CRI
37979,CRI
37982,CRI
37996,CIV
38005,CIV
38007,CIV
38009,CIV
38017,CIV
38018,CIV
38156,CIV
38157,CIV
38160,CIV
38166,CIV
38361,HRV
38370,HRV
38742,CUB
38750,CUB
38751,CUB
38755,CUB
38756,CUB
38759,CUB
38762,CUB
38773,CUB
38781,CUB
38783,CUB
38790,CUB
38795,CUB
38809,CUB
38824,CUB
38840,CUB
38843,CUB
38850,CUB
38858,CUB
38870,CUB
38881,CUB
38887,CUB
38891,CUB
38892,CUB
38898,CUB
38899,CUB
38903,CUB
38904,CUW
38907,CYP
38909,CYP
39030,COD
39041,COD
39129,COD
39133,COD
39134,COD
39139,COD
39177,DNK
39216,DNK
39276,DNK
39291,DNK
39309,DNK
39320,DNK
39327,DNK
39363,DNK
39375,DNK
39382,DNK
39412,DJI
39416,DJI
39418,DMA
39467,DOM
39490,DOM
39492,DOM
39499,DOM
39500,DOM
39501,DOM
39502,DOM
39525,DOM
39526,DOM
39527,DOM
39547,DOM
39564,DOM
39573,DOM
39580,DOM
39581,DOM
39584,DOM
39585,DOM
39586,DOM
39604,TLS
39606,TLS
39620,TLS
39659,ECU
39661,ECU
39665,ECU
39675,ECU
39691,ECU
39715,ECU
39774,ECU
39786,ECU
39813,ECU
39821,ECU
39873,ECU
39874,ECU
39924,ECU
40108,ECU
40163,ECU
40180,ECU
40185,ECU
40208,ECU
40250,ECU
40303,ECU
40310,ECU
40334,ECU
40342,ECU
40359,ECU
40364,ECU
40366,ECU
40374,ECU
40375,ECU
40383,ECU
40389,ECU
40401,ECU
40406,ECU
40416,ECU
40432,ECU
40436,ECU
40458,ECU
40468,ECU
40645,EGY
40646,EGY
40647,EGY
40648,EGY
40649,EGY
40650,EGY
40651,EGY
40652,EGY
40653,EGY
40654,EGY
40655,EGY
40656,EGY
40658,EGY
40659,EGY
40660,EGY
40661,EGY
40662,EGY
40663,EGY
40664,EGY
40665,EGY
40667,EGY
40671,SLV
40672,SLV
40673,SLV
40677,SLV
40681,SLV
40682,SLV
40692,SLV
40696,SLV
40701,SLV
40942,GNQ
40944,GNQ
40945,ERI
40946,ERI
40951,ERI
40954,ERI
40964,ERI
40968,ERI
40987,ERI
40991,ERI
41027,EST
42234,EST
42533,EST
46247,FLK
46248,FRO
46298,FJI
46309,FJI
46397,FIN
46398,FIN
46405,FIN
46425,FIN
46429,FIN
46437,FIN
46589,FIN
46749,FRA
46751,FRA
46753,FRA
46758,FRA
46763,FRA
46765,FRA
46768,FRA
46771,FRA
46772,FRA
46773,FRA
46775,FRA
46776,FRA
46779,FRA
46780,FRA
46784,FRA
46789,FRA
46791,FRA
46792,FRA
46793,FRA
46798,FRA
46811,FRA
46814,FRA
46837,FRA
46839,FRA
46844,FRA
46863,FRA
46873,FRA
46881,FRA
46892,FRA
46902,FRA
46931,FRA
46937,FRA
46947,FRA
47008,FRA
47030,FRA
47043,FRA
47044,FRA
47047,FRA
47127,FRA
47272,FRA
47449,FRA
48813,FRA
48848,FRA
49078,FRA
66451,FRA
83363,GUF
83365,GUF
83384,PYF
83391,GAB
83400,GAB
83401,GAB
83403,GAB
83422,GAB
83437,GMB
83446,GMB
83461,GMB
83462,GMB
83465,GEO
83467,GEO
83477,GEO
83478,GEO
83514,GEO
83541,DEU
83543,DEU
83548,DEU
83549,DEU
83552,DEU
83575,DEU
83576,DEU
83587,DEU
83601,DEU
83604,DEU
83605,DEU
83625,DEU
83626,DEU
83627,DEU
83629,DEU
83630,DEU
83632,DEU
83633,DEU
83635,DEU
83638,DEU
83652,DEU
83658,DEU
83662,DEU
83663,DEU
83664,DEU
83665,DEU
83668,DEU
83674,DEU
83677,DEU
83681,DEU
83682,DEU
83683,DEU
83684,DEU
83687,DEU
83689,DEU
83694,DEU
83695,DEU
83699,DEU
83702,DEU
83705,DEU
83709,DEU
83716,DEU
83719,DEU
83742,DEU
83745,DEU
83753,DEU
83759,DEU
83767,DEU
83768,DEU
83771,DEU
83773,DEU
83795,DEU
83798,DEU
83800,DEU
83990,GHA
84008,GHA
84012,GHA
84013,GHA
84035,GHA
84043,GHA
84074,GHA
84081,GHA
84085,GHA
84091,GHA
84092,GHA
84095,GHA
84096,GHA
84099,GHA
84100,GHA
84101,GHA
84102,GHA
84103,GIB
84105,GRC
84106,GRC
84109,GRC
84110,GRC
84111,GRC
84113,GRC
84116,GRC
84120,GRC
84125,GRC
84126,GRC
84127,GRC
84128,GRC
84132,GRC
84135,GRC
84137,GRC
84138,GRC
84139,GRC
84142,GRC
84143,GRC
84144,GRC
84145,GRC
84147,GRC
84148,GRC
84149,GRC
84150,GRC
84151,GRC
84153,GRC
84154,GRC
84155,GRC
84157,GRL
84158,GRL
84159,GRL
84160,GRL
84162,GRL
84163,GRL
84164,GRL
84165,GRL
84166,GRL
84167,GRL
84168,GRL
84169,GRL
84170,GRL
84172,GRL
84173,GRL
84174,GRL
84175,GRD
84182,GLP
84214,GUM
84335,GTM
84336,GTM
84354,GTM
84369,GTM
84398,GTM
84440,GTM
84504,GTM
84535,GTM
84544,GTM
84554,GTM
84565,GTM
84586,GTM
84587,GGY
84613,GIN
84650,GIN
84652,GIN
84654,GIN
84719,GIN
84723,GIN
84739,GIN
84762,GIN
84774,GIN
84775,GIN
84777,GIN
84797,GIN
84808,GIN
84811,GIN
84816,GIN
84831,GIN
84832,GIN
84839,GIN
84843,GIN
84848,GIN
84853,GIN
84854,GIN
84855,GIN
84857,GIN
84858,GIN
84860,GIN
84862,GIN
84866,GIN
84868,GIN
84882,GIN
84927,GNB
84941,GNB
84943,GNB
84948,GNB
84961,GUY
84962,GUY
84963,GUY
84969,GUY
84970,GUY
84971,GUY
84977,GUY
84980,GUY
85057,GUY
85081,HTI
85082,HTI
85095,HTI
85099,HTI
85102,HTI
85115,HTI
85119,HTI
85125,HTI
85136,HTI
85137,HTI
85166,HTI
85171,HTI
85175,HTI
85178,HTI
85180,HTI
85182,HTI
85183,HTI
85206,HTI
85211,HND
85244,HND
85246,HND
85257,HND
85282,HND
85293,HND
85295,HND
85297,HND
85509,HKG
85511,HKG
85514,HKG
85515,HKG
85516,HKG
85520,HKG
85523,HKG
85524,HKG
85525,HKG
85526,HKG
85710,ISL
85713,ISL
85791,ISL
85809,ISL
85815,IND
85843,IND
85854,IND
85858,IND
85862,IND
85864,IND
85868,IND
85875,IND
85876,IND
85877,IND
85878,IND
85879,IND
85884,IND
85887,IND
85888,IND
85889,IND
85899,IND
85908,IND
85913,IND
85914,IND
85925,IND
85950,IND
85960,IND
85969,IND
85974,IND
85975,IND
85977,IND
86007,IND
86008,IND
86014,IND
86015,IND
86025,IND
86031,IND
86032,IND
86037,IND
86039,IND
86042,IND
86043,IND
86045,IND
86046,IND
86048,IND
86049,IND
86050,IND
86051,IND
86271,IND
86273,IND
86278,IND
86299,IND
86300,IND
86304,IND
86309,IND
86318,IND
86319,IND
86321,IND
86327,IND
86357,IND
86365,IND
86366,IND
86370,IND
86373,IND
86376,IND
86377,IND
86378,IND
86379,IND
86386,IND
86387,IND
86388,IND
86389,IND
86390,IND
86391,IND
86392,IND
86420,IND
86421,IND
86428,IND
86429,IND
86431,IND
86433,IND
86434,IND
86435,IND
86437,IND
86439,IND
86453,IND
86456,IND
86459,IND
86497,IND
86499,IND
86502,IND
86503,IND
86504,IND
86506,IND
86512,IND
86514,IND
86520,IND
86527,IND
86542,IND
86543,IND
86560,IND
86630,IND
86657,IND
86660,IND
86666,IND
86675,IND
86676,IND
86679,IND
86680,IND
86681,IND
86684,IND
86685,IND
86689,IND
86696,IND
86698,IND
86701,IND
86702,IND
86704,IND
86708,IND
86709,IND
86710,IND
86719,IND
86724,IND
86743,IND
86747,IND
86749,IND
86751,IND
86757,IND
86758,IND
86759,IND
86789,IND
86803,IND
86806,IND
86808,IND
86809,IND
86814,IND
86817,IND
86821,IND
86823,IND
86836,IND
86852,IND
86861,IND
86862,IND
86863,IND
86866,IND
86868,IND
86871,IND
86872,IND
86873,IND
86874,IND
86881,IND
86882,IND
86890,IND
86891,IND
86892,IND
86893,IND
86896,IND
86903,IND
86908,IND
86917,IND
86919,IND
86921,IND
86926,IND
86928,IND
86933,IND
86941,IND
86949,IND
86979,IND
86981,IND
86999,IND
87000,IND
87015,IND
87017,IND
87032,IND
87046,IND
87051,IND
87053,IND
87054,IND
87069,IND
87083,IND
87085,IND
87086,IND
87088,IND
87093,IND
87096,IND
87099,IND
87101,IND
87111,IND
87117,IND
87131,IND
87132,IND
87138,IND
87140,IND
87146,IND
87150,IND
87151,IND
87152,IND
87154,IND
87157,IND
87159,IND
87165,IND
87169,IND
87173,IND
87175,IND
87177,IND
87181,IND
87183,IND
87185,IND
87186,IND
87188,IND
87194,IND
87196,IND
87199,IND
87201,IND
87209,IND
87215,IND
87219,IND
87221,IND
87231,IND
87232,IND
87235,IND
87236,IND
87239,IND
87243,IND
87244,IND
87248,IND
87249,IND
87254,IND
87255,IND
87256,IND
87258,IND
87261,IND
87263,IND
87265,IND
87268,IND
87269,IND
87277,IND
87282,IND
87283,IND
87285,IND
87286,IND
87287,IND
87288,IND
87291,IND
87292,IND
87294,IND
87305,IND
87306,IND
87309,IND
87310,IND
87311,IND
87319,IND
87325,IND
87330,IND
87331,IND
87333,IND
87334,IND
87335,IND
87337,IND
87339,IND
87342,IND
87351,IND
87353,IND
87357,IND
87369,IND
87379,IND
87382,IND
87384,IND
87385,IND
87389,IND
87390,IND
87399,IND
87400,IND
87402,IND
87405,IND
87415,IND
87420,IND
87423,IND
87428,IND
87430,IND
87435,IND
87439,IND
87442,IND
87443,IND
87459,IND
87474,IND
87476,IND
87477,IND
87488,IND
87497,IND
87498,IND
87499,IND
87504,IND
87505,IND
87506,IND
87507,IND
87513,IND
87514,IND
87517,IND
87519,IND
87523,IND
87525,IND
87527,IND
87529,IND
87533,IND
87535,IND
87536,IND
87538,IND
87542,IND
87549,IND
87552,IND
87555,IND
87560,IND
87564,IND
87573,IND
87574,IND
87583,IND
87591,IND
87592,IND
87596,IND
87603,IND
87606,IND
87611,IND
87615,IND
87618,IND
87639,IND
87640,IND
87647,IND
87650,IND
87652,IND
87653,IND
87657,IND
87663,IND
87671,IND
87684,IND
87687,IND
87690,IND
87694,IND
87695,IND
87697,IND
87704,IND
87706,IND
87707,IND
87708,IND
87709,IND
87710,IND
87711,IND
87717,IND
87722,IND
87725,IND
87726,IND
87730,IND
87731,IND
87732,IND
87737,IND
87738,IND
87739,IND
87741,IND
87743,IND
87744,IND
87750,IND
87754,IND
87755,IND
87756,IND
87757,IND
87759,IND
87761,IND
87764,IND
87774,IND
87777,IND
87783,IND
87789,IND
87792,IND
87794,IND
87801,IND
87804,IND
87810,IND
87811,IND
87820,IND
87822,IND
87825,IND
87832,IND
87834,IND
87835,IND
87837,IND
87839,IND
87840,IND
87852,IND
87858,IND
87860,IND
87863,IND
87865,IND
87866,IND
87877,IND
87884,IND
87885,IND
87898,IND
87902,IND
87905,IND
87906,IND
87909,IND
87910,IND
87911,IND
87912,IND
87919,IND
87921,IND
87922,IND
87923,IND
87927,IND
87928,IND
87929,IND
87930,IND
87931,IND
87934,IND
87935,IND
87938,IND
87939,IND
87943,IND
87946,IND
87948,IND
87949,IND
87953,IND
87955,IND
87960,IND
87961,IND
87962,IND
87963,IND
87964,IND
87966,IND
87967,IND
87968,IND
87973,IND
87979,IND
87980,IND
87981,IND
87983,IND
87985,IND
87988,IND
87989,IND
87992,IND
87993,IND
87995,IND
87996,IND
87997,IND
88000,IND
88001,IND
88002,IND
88003,IND
88004,IND
88005,IND
88007,IND
88008,IND
88010,IND
88011,IND
88012,IND
88013,IND
88015,IND
88016,IND
88017,IND
88019,IND
88020,IND
88021,IND
88022,IND
88023,IND
88024,IND
88025,IND
88026,IND
88035,IND
88051,IND
88054,IND
88055,IND
88057,IND
88058,IND
88063,IND
88065,IND
88071,IND
88074,IND
88081,IND
88082,IND
88083,IND
88088,IND
88091,IND
88092,IND
88097,IND
88099,IND
88101,IND
88102,IND
88104,IND
88106,IND
88111,IND
88112,IND
88114,IDN
88116,IDN
88117,IDN
88118,IDN
88119,IDN
88120,IDN
88122,IDN
88124,IDN
88125,IDN
88126,IDN
88127,IDN
88128,IDN
88129,IDN
88130,IDN
88131,IDN
88133,IDN
88134,IDN
88135,IDN
88136,IDN
88137,IDN
88138,IDN
88139,IDN
88140,IDN
88141,IDN
88142,IDN
88143,IDN
88144,IDN
88145,IDN
88146,IDN
88147,IDN
88148,IDN
88149,IDN
88150,IDN
88151,IDN
88155,IDN
88156,IDN
88158,IDN
88159,IDN
88161,IDN
88162,IDN
88164,IDN
88165,IDN
88167,IDN
88168,IDN
88169,IDN
88170,IDN
88171,IDN
88173,IDN
88174,IDN
88179,IDN
88180,IDN
88181,IDN
88182,IDN
88183,IDN
88184,IDN
88185,IDN
88186,IDN
88189,IDN
88190,IDN
88191,IDN
88192,IDN
88193,IDN
88194,IDN
88195,IDN
88196,IDN
88197,IDN
88198,IDN
88199,IDN
88200,IDN
88201,IDN
88202,IDN
88203,IDN
88204,IDN
88205,IDN
88206,IDN
88207,IDN
88208,IDN
88209,IDN
88210,IDN
88211,IDN
88212,IDN
88214,IDN
88216,IDN
88217,IDN
88218,IDN
88219,IDN
88221,IDN
88222,IDN
88223,IDN
88224,IDN
88225,IDN
88226,IDN
88227,IDN
88228,IDN
88229,IDN
88230,IDN
88231,IDN
88232,IDN
88233,IDN
88234,IDN
88236,IDN
88237,IDN
88238,IDN
88243,IDN
88244,IDN
88245,IDN
88246,IDN
88247,IDN
88248,IDN
88250,IDN
88251,IDN
88252,IDN
88253,IDN
88254,IDN
88255,IDN
88256,IDN
88257,IDN
88259,IDN
88260,IDN
88261,IDN
88262,IDN
88263,IDN
88264,IDN
88265,IDN
88266,IDN
88267,IDN
88268,IDN
88269,IDN
88270,IDN
88271,IDN
88272,IDN
88273,IDN
88274,IDN
88276,IDN
88277,IDN
88278,IDN
88279,IDN
88280,IDN
88281,IDN
88283,IDN
88284,IDN
88285,IDN
88286,IDN
88287,IDN
88288,IDN
88289,IDN
88291,IDN
88292,IDN
88293,IDN
88294,IDN
88296,IDN
88297,IDN
88298,IDN
88299,IDN
88300,IDN
88301,IDN
88304,IDN
88306,IDN
88307,IDN
88309,IDN
88310,IDN
88311,IDN
88313,IDN
88314,IDN
88315,IDN
88316,IDN
88317,IDN
88318,IDN
88319,IDN
88321,IDN
88322,IDN
88323,IDN
88324,IDN
88325,IDN
88326,IDN
88327,IDN
88328,IDN
88329,IDN
88330,IDN
88331,IDN
88332,IDN
88333,IDN
88334,IDN
88335,IDN
88336,IDN
88337,IDN
88338,IDN
88341,IDN
88342,IDN
88343,IDN
88344,IDN
88345,IDN
88346,IDN
88347,IDN
88348,IDN
88350,IDN
88352,IDN
88353,IDN
88354,IDN
88355,IDN
88356,IDN
88357,IDN
88362,IDN
88363,IDN
88364,IDN
88365,IDN
88366,IDN
88367,IDN
88368,IDN
88369,IDN
88370,IDN
88371,IDN
88372,IDN
88373,IDN
88374,IDN
88375,IDN
88377,IDN
88378,IDN
88379,IDN
88380,IDN
88381,IDN
88382,IDN
88383,IDN
88384,IDN
88385,IDN
88386,IDN
88388,IDN
88389,IDN
88390,IDN
88393,IDN
88394,IDN
88396,IDN
88397,IDN
88400,IDN
88401,IDN
88402,IDN
88403,IDN
88405,IDN
88406,IDN
88408,IDN
88409,IDN
88410,IDN
88411,IDN
88412,IDN
88413,IDN
88414,IDN
88415,IDN
88416,IDN
88417,IDN
88419,IDN
88420,IDN
88421,IDN
88422,IDN
88423,IDN
88424,IDN
88425,IDN
88426,IDN
88427,IDN
88428,IDN
88429,IDN
88430,IDN
88431,IDN
88432,IDN
88433,IDN
88434,IDN
88435,IDN
88436,IDN
88437,IDN
88438,IDN
88439,IDN
88440,IDN
88441,IDN
88442,IDN
88443,IDN
88444,IDN
88445,IDN
88446,IDN
88447,IDN
88448,IDN
88449,IDN
88450,IDN
88451,IDN
88452,IDN
88453,IDN
88455,IDN
88456,IDN
88458,IDN
88460,IDN
88461,IDN
88462,IDN
88463,IDN
88465,IDN
88466,IDN
88467,IDN
88468,IDN
88469,IDN
88470,IDN
88471,IDN
88472,IDN
88473,IDN
88474,IDN
88475,IDN
88479,IDN
88481,IDN
88482,IDN
88484,IDN
88488,IDN
88490,IDN
88493,IDN
88497,IDN
88500,IDN
88501,IDN
88502,IDN
88503,IDN
88504,IDN
88505,IDN
88506,IDN
88509,IDN
88510,IDN
88512,IDN
88513,IDN
88514,IDN
88515,IDN
88517,IDN
88518,IDN
88519,IDN
88520,IDN
88521,IDN
88522,IDN
88523,IDN
88524,IDN
88525,IDN
88526,IDN
88527,IDN
88528,IDN
88529,IDN
88530,IDN
88531,IDN
88532,IDN
88533,IDN
88534,IDN
88535,IDN
88536,IDN
88538,IDN
88539,IDN
88540,IDN
88542,IDN
88543,IDN
88544,IDN
88545,IDN
88546,IDN
88547,IDN
88548,IDN
88549,IDN
88550,IDN
88551,IDN
88552,IDN
88553,IDN
88554,IDN
88556,IDN
88557,IDN
88573,IRN
88576,IRN
88577,IRN
88587,IRN
88592,IRN
88769,IRN
88774,IRN
88777,IRN
88786,IRN
88791,IRN
88792,IRN
88793,IRN
88794,IRN
88798,IRN
88801,IRN
88804,IRN
88808,IRN
88809,IRN
88810,IRN
88811,IRN
88812,IRN
88813,IRN
88814,IRN
88815,IRN
88816,IRN
88817,IRN
88819,IRN
88820,IRN
88821,IRN
88822,IRN
88823,IRN
88824,IRN
88825,IRN
88832,IRQ
88837,IRQ
88838,IRQ
88839,IRQ
88840,IRQ
88841,IRQ
88842,IRQ
88843,IRQ
88845,IRQ
88846,IRQ
88847,IRQ
88848,IRQ
88850,IRQ
88851,IRQ
88852,IRQ
88853,IRQ
88855,IRQ
88901,IRQ
88902,IRQ
88903,IRQ
88905,IRQ
88908,IRQ
88909,IRQ
88910,IRQ
88911,IRQ
88913,IRQ
88914,IRQ
88915,IRQ
88916,IRQ
88917,IRQ
88918,IRQ
88919,IRQ
88920,IRQ
88922,IRQ
88923,IRQ
88924,IRQ
88925,IRQ
88926,IRQ
88927,IRQ
88929,IRL
88936,IRL
88939,IRL
88941,IRL
88942,IRL
88947,IRL
88949,IRL
88950,IRL
88952,IRL
88953,IRL
88954,IMN
88956,ISR
88957,ISR
88958,ISR
88959,ISR
88960,ISR
88965,ITA
88967,ITA
88972,ITA
88977,ITA
88995,ITA
89012,ITA
89015,ITA
89075,ITA
89386,ITA
89473,ITA
89814,ITA
89846,ITA
90070,ITA
90611,ITA
91145,ITA
91191,ITA
91194,ITA
91199,ITA
91200,ITA
91325,ITA
91365,ITA
91366,ITA
91367,ITA
91368,ITA
91369,ITA
91631,ITA
91642,ITA
91644,ITA
91722,ITA
91723,ITA
91784,ITA
91785,ITA
91791,ITA
91794,ITA
91796,ITA
91798,ITA
91954,ITA
92230,ITA
92231,ITA
92350,ITA
92381,ITA
92487,ITA
92489,ITA
92491,ITA
92492,ITA
92493,ITA
92548,ITA
92550,ITA
92572,ITA
92578,ITA
92579,ITA
92598,ITA
92599,ITA
92604,ITA
92655,ITA
92822,ITA
92831,ITA
93302,ITA
93307,ITA
93314,ITA
93321,ITA
93325,ITA
93332,ITA
93362,ITA
93366,ITA
93518,ITA
93854,ITA
93855,ITA
94516,ITA
94993,ITA
95393,ITA
95394,ITA
95399,ITA
95456,ITA
96636,ITA
96638,ITA
97067,JAM
97069,JAM
97071,JAM
97074,JAM
97076,JAM
97077,JAM
97090,JPN
97092,JPN
97120,JPN
97173,JPN
97187,JPN
97191,JPN
97222,JPN
97261,JPN
97263,JPN
97266,JPN
97270,JPN
97314,JPN
97317,JPN
97327,JPN
97395,JPN
97413,JPN
97431,JPN
97438,JPN
97481,JPN
97486,JPN
97493,JPN
97523,JPN
97527,JPN
97530,JPN
97551,JPN
97557,JPN
97564,JPN
97572,JPN
97587,JPN
97594,JPN
97595,JPN
97605,JPN
97612,JPN
97616,JPN
97633,JPN
97642,JPN
97646,JPN
97671,JPN
97686,JPN
97699,JPN
97706,JPN
97708,JPN
97711,JPN
97728,JPN
97730,JPN
97737,JPN
97738,JPN
97743,JPN
97757,JPN
97758,JPN
97759,JPN
97760,JPN
97780,JPN
97783,JPN
97801,JPN
97803,JPN
97808,JPN
97817,JPN
97818,JPN
97834,JPN
97839,JPN
97850,JPN
97854,JPN
97855,JPN
97856,JPN
97859,JPN
97863,JPN
97881,JPN
97888,JPN
97890,JPN
97908,JPN
97911,JPN
97918,JPN
97926,JPN
97939,JPN
97952,JPN
97959,JPN
97974,JPN
97982,JPN
97992,JPN
98014,JPN
98015,JPN
98021,JPN
98025,JPN
98036,JPN
98041,JPN
98045,JPN
98052,JPN
98056,JPN
98068,JPN
98085,JPN
98094,JPN
98097,JPN
98099,JPN
98100,JPN
98107,JPN
98118,JPN
98127,JPN
98147,JPN
98150,JPN
98156,JPN
98165,JPN
98167,JPN
98176,JPN
98177,JPN
98187,JPN
98195,JPN
98196,JPN
98198,JPN
98201,JPN
98203,JPN
98205,JPN
98206,JPN
98209,JPN
98220,JPN
98226,JPN
98234,JPN
98242,JPN
98245,JPN
98251,JPN
98255,JPN
98259,JPN
98262,JPN
98265,JPN
98277,JPN
98279,JPN
98288,JPN
98290,JPN
98297,JPN
98304,JPN
98321,JPN
98324,JPN
98330,JPN
98336,JPN
98339,JPN
98348,JPN
98360,JPN
98366,JPN
98369,JPN
98370,JPN
98373,JPN
98374,JPN
98390,JPN
98396,JPN
98413,JPN
98421,JPN
98430,JPN
98436,JPN
98443,JPN
98445,JPN
98446,JPN
98449,JPN
98452,JPN
98453,JPN
98460,JPN
98462,JPN
98464,JPN
98465,JPN
98470,JPN
98471,JPN
98476,JPN
98477,JPN
98479,JPN
98481,JPN
98483,JPN
98484,JPN
98496,JPN
98513,JPN
98514,JPN
98528,JPN
98531,JPN
98537,JPN
98538,JPN
98547,JPN
98548,JPN
98551,JPN
98554,JPN
98557,JPN
98569,JPN
98571,JPN
98573,JPN
98574,JPN
98575,JPN
98582,JPN
98584,JPN
98587,JPN
98589,JPN
98593,JPN
98594,JPN
98606,JPN
98613,JPN
98618,JPN
98621,JPN
98624,JPN
98637,JPN
98641,JPN
98643,JPN
98649,JPN
98650,JPN
98666,JPN
98672,JPN
98693,JPN
98695,JPN
98696,JPN
98699,JPN
98731,JPN
98732,JPN
98738,JPN
98744,JPN
98751,JPN
98763,JPN
98773,JPN
98782,JPN
98785,JPN
98804,JPN
98806,JPN
98808,JPN
98830,JPN
98842,JPN
98845,JPN
98855,JPN
98857,JPN
98858,JPN
98860,JPN
98862,JPN
98863,JPN
98867,JPN
98869,JPN
98870,JPN
98871,JPN
98872,JPN
98874,JPN
98875,JPN
98879,JPN
98880,JPN
98885,JPN
98886,JPN
98887,JPN
98888,JPN
98889,JPN
98890,JPN
98891,JEY
98896,JOR
100975,KEN
101632,KEN
101984,KEN
102200,KEN
102625,KEN
102626,KEN
102629,KEN
102683,KEN
102684,KEN
102721,KEN
102722,KEN
102731,KEN
102773,KIR
102804,KWT
102805,KWT
102806,KWT
102807,KWT
102808,KWT
102964,LVA
102966,LVA
102969,LVA
102979,LVA
102980,LVA
102986,LBN
102988,LBN
103000,LBN
103005,LBN
103055,LBR
103056,LBR
103058,LBR
103072,LBR
103129,LBR
103141,LBR
103230,LBR
103266,LBR
103285,LBR
103290,LBR
103293,LBR
103295,LBR
103300,LBR
103302,LBR
103304,LBR
103307,LBR
103309,LBR
103315,LBR
103316,LBR
103327,LBY
103328,LBY
103329,LBY
103332,LBY
103337,LBY
103338,LBY
103339,LBY
103340,LBY
103341,LBY
103343,LBY
103344,LBY
103345,LBY
103346,LBY
103347,LBY
103351,LBY
103353,LBY
103354,LBY
103401,LTU
103409,LTU
103425,LTU
103573,MAC
103662,MDG
103663,MDG
103664,MDG
103665,MDG
103666,MDG
103668,MDG
103675,MDG
103681,MDG
103682,MDG
103684,MDG
103686,MDG
103690,MDG
103692,MDG
103697,MDG
103703,MDG
103706,MDG
103713,MDG
103716,MDG
103721,MDG
103727,MDG
103735,MDG
103742,MDG
103764,MDG
103765,MDG
103766,MDG
103768,MDG
103770,MDG
103771,MDG
103772,MDG
103776,MDG
103783,MDG
103784,MDG
103785,MDG
103837,MDG
103846,MDG
103851,MDG
103855,MDG
103857,MDG
103864,MDG
103865,MDG
103895,MDG
103963,MDG
104008,MDG
104025,MDG
104029,MDG
104078,MDG
104082,MDG
104087,MDG
104099,MDG
104430,MDG
104640,MDG
104938,MDG
104974,MDG
108216,MYS
108217,MYS
108218,MYS
108223,MYS
108224,MYS
108225,MYS
108226,MYS
108227,MYS
108228,MYS
108229,MYS
108230,MYS
108233,MYS
108234,MYS
108236,MYS
108237,MYS
108238,MYS
108239,MYS
108241,MYS
108242,MYS
108243,MYS
108244,MYS
108245,MYS
108246,MYS
108247,MYS
108248,MYS
108249,MYS
108250,MYS
108251,MYS
108253,MYS
108255,MYS
108257,MYS
108258,MYS
108259,MYS
108262,MYS
108264,MYS
108265,MYS
108267,MYS
108268,MYS
108271,MYS
108273,MYS
108275,MYS
108276,MYS
108278,MYS
108281,MYS
108282,MYS
108284,MYS
108285,MYS
108286,MYS
108288,MYS
108289,MYS
108290,MYS
108293,MYS
108295,MYS
108296,MYS
108297,MYS
108298,MYS
108300,MYS
108301,MYS
108302,MYS
108303,MYS
108304,MYS
108305,MYS
108307,MYS
108308,MYS
108312,MYS
108313,MYS
108315,MYS
108316,MYS
108318,MYS
108319,MYS
108320,MYS
108323,MYS
108324,MYS
108325,MYS
108329,MYS
108330,MYS
108333,MYS
108335,MYS
108338,MYS
108339,MYS
108342,MYS
108345,MYS
108346,MYS
108348,MYS
108351,MYS
108352,MYS
108361,MYS
108362,MYS
108369,MYS
108372,MYS
108373,MYS
108376,MDV
108441,MLI
109081,MLT
109082,MHL
109083,MTQ
109119,MRT
109126,MRT
109127,MRT
109130,MRT
109133,MRT
109138,MRT
109139,MRT
109142,MRT
109143,MRT
109147,MRT
109149,MRT
109151,MRT
109152,MRT
109156,MRT
109163,MUS
109170,MUS
109171,MYT
109226,MEX
109250,MEX
109254,MEX
109268,MEX
109288,MEX
109293,MEX
109327,MEX
109331,MEX
109337,MEX
109377,MEX
109405,MEX
109417,MEX
109422,MEX
109433,MEX
109448,MEX
109452,MEX
109454,MEX
109476,MEX
109477,MEX
109503,MEX
109550,MEX
109551,MEX
109558,MEX
109563,MEX
109568,MEX
109594,MEX
109598,MEX
109622,MEX
109661,MEX
109662,MEX
109675,MEX
109677,MEX
109678,MEX
109682,MEX
109683,MEX
109703,MEX
109707,MEX
109710,MEX
109712,MEX
109731,MEX
109740,MEX
109793,MEX
109863,MEX
109865,MEX
109898,MEX
109901,MEX
109906,MEX
109936,MEX
109942,MEX
109948,MEX
109967,MEX
109978,MEX
109981,MEX
109984,MEX
109986,MEX
109990,MEX
109993,MEX
110037,MEX
110047,MEX
110087,MEX
110114,MEX
110175,MEX
110227,MEX
110229,MEX
110252,MEX
110281,MEX
110308,MEX
110364,MEX
110407,MEX
110441,MEX
110532,MEX
110545,MEX
110548,MEX
110575,MEX
110598,MEX
110604,MEX
110618,MEX
110630,MEX
110640,MEX
110684,MEX
110692,MEX
110728,MEX
110751,MEX
110765,MEX
110768,MEX
110790,MEX
110795,MEX
110825,MEX
110837,MEX
110839,MEX
110846,MEX
110866,MEX
110869,MEX
110870,MEX
110874,MEX
110876,MEX
110881,MEX
110888,MEX
110896,MEX
110905,MEX
110907,MEX
110914,MEX
110917,MEX
110920,MEX
110923,MEX
110926,MEX
110930,MEX
110952,MEX
110953,MEX
110955,MEX
110959,MEX
110963,MEX
110981,MEX
110991,MEX
111021,MEX
111031,MEX
111033,MEX
111038,MEX
111040,MEX
111041,FSM
111053,MDA
111054,MDA
111060,MDA
111065,MDA
111068,MDA
111072,MDA
111078,MDA
111082,MCO
111412,MNE
111433,MSR
111450,MAR
111512,MAR
111527,MAR
111568,MAR
111571,MAR
111587,MAR
111598,MAR
111610,MAR
111682,MAR
111685,MAR
111689,MAR
111691,MAR
111702,MAR
111703,MAR
111706,MAR
111720,MAR
111721,MAR
111722,MAR
111727,MAR
111744,MAR
111817,MAR
111820,MAR
111925,MAR
112030,MAR
112074,MAR
112100,MAR
112108,MAR
112113,MAR
112132,MAR
112161,MAR
112178,MAR
112188,MAR
112193,MAR
112211,MAR
112212,MAR
112321,MAR
112330,MAR
112560,MAR
112622,MAR
112721,MAR
112810,MAR
112823,MAR
112832,MAR
112834,MAR
112837,MAR
112844,MAR
112845,MAR
112939,MAR
112954,MOZ
112965,MOZ
112968,MOZ
113004,MOZ
113008,MOZ
113020,MOZ
113038,MOZ
113041,MOZ
113053,MOZ
113067,MOZ
113069,MOZ
113085,MOZ
113093,MOZ
113096,MOZ
113097,MOZ
113099,MOZ
113116,MOZ
113118,MOZ
113122,MOZ
113127,MOZ
113139,MOZ
113144,MOZ
113165,MOZ
113181,MOZ
113187,MOZ
113229,MOZ
113232,MOZ
113233,MOZ
113237,MOZ
113241,MOZ
113251,MOZ
113253,MOZ
113266,MOZ
113267,MOZ
113274,MOZ
113278,MOZ
113282,MOZ
113288,MOZ
113291,MOZ
113320,MOZ
113324,MOZ
113326,MOZ
113327,MOZ
113330,MOZ
113337,MOZ
113343,MOZ
113354,MOZ
113358,MOZ
113369,MMR
113370,MMR
113371,MMR
113372,MMR
113377,MMR
113378,MMR
113380,MMR
113381,MMR
113382,MMR
113383,MMR
113384,MMR
113385,MMR
113386,MMR
113389,MMR
113390,MMR
113461,MMR
113466,MMR
113471,MMR
113473,MMR
113474,MMR
113475,MMR
113476,MMR
113497,MMR
113523,MMR
113531,MMR
113545,MMR
113551,MMR
113552,MMR
113554,MMR
113559,MMR
113567,MMR
113568,MMR
113569,MMR
113570,MMR
113571,MMR
113572,MMR
113573,MMR
113574,MMR
113575,MMR
113576,MMR
113577,MMR
113579,MMR
113580,MMR
113581,MMR
113582,MMR
113583,MMR
113584,MMR
113585,MMR
113586,MMR
113587,MMR
113588,MMR
113589,MMR
113590,MMR
113591,MMR
113592,MMR
113593,MMR
113594,MMR
113595,MMR
113596,MMR
113597,MMR
113598,MMR
113599,MMR
113600,MMR
113601,MMR
113602,MMR
113603,MMR
113604,MMR
113605,MMR
113606,MMR
113607,MMR
113608,MMR
113609,MMR
113610,MMR
113611,MMR
113612,MMR
113613,MMR
113614,MMR
113615,MMR
113616,MMR
113617,MMR
113618,MMR
113619,MMR
113620,MMR
113621,MMR
113622,MMR
113623,MMR
113624,MMR
113625,MMR
113626,MMR
113627,MMR
113628,MMR
113629,MMR
113630,MMR
113631,MMR
113632,MMR
113633,MMR
113634,MMR
113635,MMR
113636,MMR
113637,MMR
113638,MMR
113639,MMR
113640,MMR
113641,MMR
113642,MMR
113643,MMR
113644,MMR
113715,NAM
113721,NAM
113730,NAM
113737,NAM
113738,NAM
113739,NAM
113745,NAM
113749,NAM
113751,NAM
113752,NRU
117861,NLD
117907,NLD
117945,NLD
117964,NLD
118023,NLD
118030,NLD
118053,NLD
118074,NLD
118083,NLD
118131,NLD
118135,NLD
118149,NLD
118164,NLD
118210,NLD
118218,NLD
118241,NLD
118267,NLD
118287,NLD
118294,NLD
118308,NCL
118351,NZL
118352,NZL
118361,NZL
118363,NZL
118422,NZL
118438,NZL
118446,NZL
118453,NZL
118454,NZL
118479,NZL
118603,NZL
118652,NZL
118656,NZL
118672,NZL
118674,NZL
118681,NZL
118685,NZL
118687,NZL
118732,NZL
118734,NZL
118791,NIC
118792,NIC
118794,NIC
118800,NIC
118813,NIC
118818,NIC
118829,NIC
118846,NIC
119086,NGA
119089,NGA
119111,NGA
119113,NGA
119126,NGA
119127,NGA
119128,NGA
119129,NGA
119131,NGA
119133,NGA
119134,NGA
119165,NGA
119168,NGA
119206,NGA
119211,NGA
119212,NGA
119215,NGA
119217,NGA
119218,NGA
119263,NGA
119267,NGA
119268,NGA
119270,NGA
119459,NGA
119567,NGA
119597,NGA
119621,NGA
119623,NGA
119630,NGA
119649,NGA
119652,NGA
119653,NGA
119655,NGA
119657,NGA
119658,NGA
119661,NGA
119662,NGA
119665,NGA
119666,NGA
119670,NGA
119675,NGA
119676,NGA
119678,NGA
119681,NGA
119682,NGA
119683,NGA
119684,NGA
119685,NGA
119688,NGA
119692,NGA
119694,NGA
119696,NGA
119699,NGA
119700,NGA
119701,NGA
119702,NGA
119704,NGA
119706,NGA
119708,NGA
119710,NGA
119713,NGA
119718,NGA
119719,NGA
119720,NGA
119721,NGA
119726,NGA
119727,NGA
119729,NGA
119733,NGA
119734,NGA
119735,NGA
119737,NGA
119738,NGA
119739,NGA
119740,NGA
119745,NGA
119746,NGA
119747,NGA
119750,NGA
119756,NGA
119758,NGA
119759,NGA
119761,NGA
119767,NGA
119770,NGA
119771,NGA
119775,NGA
119776,NGA
119777,NGA
119778,NGA
119780,NGA
119781,NGA
119782,NGA
119784,NGA
119785,NGA
119792,NGA
119797,NGA
119798,NGA
119801,NGA
119802,NGA
119804,NGA
119805,NGA
119807,NGA
119808,NGA
119809,NGA
119810,NGA
119811,NGA
119812,NGA
119813,NGA
119814,NGA
119816,NGA
119817,NGA
119818,NGA
119820,NGA
119822,NGA
119823,NGA
119825,NGA
119828,NGA
119829,NGA
119831,NGA
119832,NGA
119833,NGA
119834,NGA
119835,NGA
119836,NIU
119837,NFK
119848,PRK
119863,PRK
119869,PRK
119874,PRK
119875,PRK
119878,PRK
119881,PRK
119887,PRK
119888,PRK
119907,PRK
119910,PRK
119912,PRK
119922,PRK
119929,PRK
119931,PRK
119938,PRK
119940,PRK
119942,PRK
119944,PRK
119948,PRK
119950,PRK
119952,PRK
119954,PRK
119961,PRK
119962,PRK
119964,PRK
119970,PRK
119971,PRK
119973,PRK
119978,PRK
119979,PRK
119984,PRK
119995,PRK
120000,PRK
120006,PRK
120012,PRK
120014,PRK
120019,PRK
120022,PRK
120023,PRK
120024,MNP
120036,NOR
120037,NOR
120055,NOR
120065,NOR
120066,NOR
120088,NOR
120093,NOR
120144,NOR
120205,NOR
120213,NOR
120214,NOR
120220,NOR
120226,NOR
120228,NOR
120230,NOR
120237,NOR
120238,NOR
120241,NOR
120251,NOR
120254,NOR
120255,NOR
120262,NOR
120333,NOR
120362,NOR
120376,NOR
120381,NOR
120424,NOR
120438,NOR
120442,NOR
120444,NOR
120453,NOR
120462,NOR
120467,OMN
120470,OMN
120473,OMN
120474,OMN
120475,OMN
120478,OMN
120524,PAK
120525,PAK
120552,PAK
120553,PAK
120554,PAK
120555,PAK
120556,PAK
120557,PAK
120558,PAK
120559,PAK
120638,PAK
120639,PAK
120640,PAK
120641,PAK
120643,PAK
120645,PAK
120646,PAK
120647,PAK
120648,PAK
120649,PAK
120650,PAK
120651,PAK
120652,PAK
120653,PAK
120654,PAK
120655,PAK
120656,PLW
120680,PSE
120681,PSE
120684,PSE
120685,PAN
120686,PAN
120688,PAN
120691,PAN
120692,PAN
120693,PAN
120694,PAN
120701,PAN
120714,PAN
120731,PAN
120747,PAN
120766,PAN
121291,PNG
121292,PNG
121293,PNG
121296,PNG
121297,PNG
121298,PNG
121299,PNG
121301,PNG
121302,PNG
121303,PNG
121306,PNG
121307,PNG
121308,PNG
121309,PNG
121313,PNG
121314,PNG
121315,PNG
121316,PNG
121317,PNG
121318,PNG
121319,PNG
121323,PNG
121324,PNG
121327,PNG
121331,PNG
121342,PNG
121344,PNG
121346,PNG
121348,PNG
121351,PNG
121352,PNG
121353,PNG
121354,PNG
121355,PNG
121356,PNG
121357,PNG
121358,PNG
121359,PNG
121360,PNG
121361,PNG
121362,PNG
121363,PNG
121364,PNG
121365,PNG
121366,PNG
121426,PRY
121642,PER
121654,PER
121672,PER
121709,PER
121710,PER
121724,PER
121748,PER
121768,PER
121850,PER
121856,PER
121885,PER
121886,PER
121887,PER
121888,PER
121897,PER
121910,PER
121939,PER
121945,PER
121949,PER
121970,PER
121976,PER
122011,PER
122013,PER
122014,PER
122114,PER
122122,PER
122198,PER
122210,PER
122227,PER
122247,PER
122258,PER
122291,PER
122297,PER
122316,PER
122396,PER
122418,PER
122424,PER
122425,PER
122427,PER
122436,PER
122458,PER
122547,PER
122648,PER
122690,PER
122697,PER
122698,PER
122700,PER
122716,PER
122728,PER
122757,PER
122782,PER
122821,PER
122824,PER
122827,PER
122831,PER
122840,PER
122844,PER
122860,PER
122863,PER
122873,PER
122875,PER
122942,PER
123020,PER
123022,PER
123024,PER
123093,PER
123100,PER
123176,PER
123204,PER
123234,PER
123248,PER
123319,PER
123360,PER
123364,PER
123366,PER
123368,PER
123371,PER
123374,PER
123391,PER
123393,PER
123394,PER
123395,PER
123825,PHL
124024,PHL
124588,PHL
124592,PHL
124745,PHL
124841,PHL
125406,PHL
125487,PHL
125548,PHL
125797,PHL
125811,PHL
125918,PHL
126099,PHL
126116,PHL
126263,PHL
126279,PHL
126430,PHL
126458,PHL
126594,PHL
126636,PHL
126808,PHL
126868,PHL
126897,PHL
127139,PHL
127182,PHL
127413,PHL
128239,PHL
128262,PHL
128265,PHL
128705,PHL
128928,PHL
129134,PHL
129765,PHL
129774,PHL
130150,PHL
130420,PHL
130787,PHL
131313,PHL
132010,PHL
132249,PHL
132317,PHL
133070,PHL
133711,PHL
134164,PHL
134431,PHL
134697,PHL
135381,PHL
135922,PHL
136186,PHL
136883,PHL
137046,PHL
137065,PHL
137116,PHL
137364,PHL
137460,PHL
138124,PHL
138383,PHL
138520,PHL
138548,PHL
138826,PHL
139384,PHL
139487,PHL
139506,PHL
139519,PHL
139545,PHL
139618,PHL
139652,PHL
139936,PHL
139961,PHL
141040,PHL
141058,PHL
141259,PHL
141969,PHL
141976,PHL
142180,PHL
143355,PHL
143465,PHL
144496,PHL
145065,PHL
145164,PHL
145175,PHL
145247,PHL
145654,PHL
145938,PHL
146016,PHL
146702,PHL
146769,PHL
146955,PHL
147163,PHL
147613,PHL
147857,PHL
148135,PHL
148478,PHL
148729,PHL
148816,PHL
148982,PHL
149043,PHL
149105,PHL
149114,PHL
149150,PHL
149560,PHL
149593,PHL
149614,PHL
149620,PHL
149682,PHL
149737,PHL
149756,PHL
149799,PHL
149816,PHL
149859,PHL
149864,PHL
149901,PHL
150158,PHL
150356,PHL
150394,PHL
150523,PHL
150532,PHL
150803,PHL
150961,PHL
151474,PHL
151570,PHL
151582,PHL
151597,PHL
151749,PHL
151999,PHL
152105,PHL
152398,PHL
152446,PHL
152694,PHL
153712,PHL
153956,PHL
154041,PHL
154099,PHL
154141,PHL
154567,PHL
154589,PHL
154810,PHL
155039,PHL
155136,PHL
155869,PHL
156269,PHL
156271,PHL
156609,PHL
156723,PHL
156889,PHL
157050,PHL
157582,PHL
157858,PHL
158126,PHL
158138,PHL
158826,PHL
159225,PHL
159246,PHL
159265,PHL
159605,PHL
159801,PHL
160071,PHL
160258,PHL
160447,PHL
160785,PHL
160924,PHL
160991,PHL
161133,PHL
161150,PHL
161156,PHL
161393,PHL
161539,PHL
161976,PHL
161989,PHL
162299,PHL
162533,PHL
163586,PHL
164021,PHL
164341,PHL
164392,PHL
164507,PHL
164869,PHL
165298,PHL
165444,POL
165473,POL
165475,POL
165479,POL
165487,POL
165488,POL
165489,POL
165493,POL
165502,POL
165527,POL
165529,POL
165531,POL
165538,POL
165566,POL
165590,POL
165607,POL
165609,POL
165645,POL
165786,PRT
165791,PRT
165794,PRT
165800,PRT
165801,PRT
165805,PRT
165817,PRT
165858,PRT
166276,PRT
166293,PRT
166294,PRT
167477,PRT
167487,PRT
167555,PRT
169906,PRT
170062,PRI
170068,PRI
170078,PRI
170082,PRI
170089,PRI
170094,PRI
170099,PRI
170109,PRI
170128,QAT
170131,QAT
170132,QAT
170133,QAT
170143,COG
170180,REU
170204,ROU
170208,ROU
170209,ROU
170211,ROU
170212,ROU
170213,ROU
170214,ROU
170215,ROU
170229,ROU
170237,ROU
170238,ROU
170243,ROU
170278,RUS
170305,RUS
170326,RUS
170338,RUS
170339,RUS
170340,RUS
170341,RUS
170342,RUS
170344,RUS
170345,RUS
170347,RUS
170349,RUS
170351,RUS
170352,RUS
170373,RUS
170480,RUS
170493,RUS
170495,RUS
170496,RUS
170504,RUS
170525,RUS
170530,RUS
170531,RUS
170533,RUS
170535,RUS
170536,RUS
170580,RUS
170581,RUS
170583,RUS
170584,RUS
170585,RUS
170587,RUS
170594,RUS
170595,RUS
170597,RUS
170598,RUS
170625,RUS
170631,RUS
170639,RUS
170671,RUS
170674,RUS
170676,RUS
170677,RUS
170680,RUS
170682,RUS
170705,RUS
170707,RUS
170708,RUS
170709,RUS
170710,RUS
170711,RUS
170712,RUS
170713,RUS
170714,RUS
170715,RUS
170718,RUS
170719,RUS
170721,RUS
170722,RUS
170724,RUS
170725,RUS
170727,RUS
170728,RUS
170730,RUS
170733,RUS
170741,RUS
170748,RUS
170751,RUS
170752,RUS
170754,RUS
170755,RUS
170756,RUS
170757,RUS
170761,RUS
170768,RUS
170773,RUS
170776,RUS
170777,RUS
170781,RUS
170783,RUS
170788,RUS
170790,RUS
170791,RUS
170796,RUS
170797,RUS
170800,RUS
170805,RUS
170809,RUS
170813,RUS
170815,RUS
170819,RUS
170824,RUS
170827,RUS
170943,RUS
170948,RUS
170950,RUS
170953,RUS
170994,RUS
171095,RUS
171179,RUS
171541,RUS
171544,RUS
171545,RUS
171570,RUS
171572,RUS
171597,RUS
171969,RUS
172100,RUS
172117,RUS
172122,RUS
172129,RUS
172148,RUS
172149,RUS
172159,RUS
172164,RUS
172167,RUS
172169,RUS
172172,RUS
172173,RUS
172177,RUS
172178,RUS
172183,RUS
172184,RUS
172185,RUS
172186,RUS
172187,RUS
172188,RUS
172190,RUS
172200,RUS
172202,RUS
172212,RUS
172232,RUS
172233,RUS
172240,RUS
172243,RUS
172245,RUS
172248,RUS
172251,RUS
172252,RUS
172256,RUS
172270,RUS
172276,RUS
172278,RUS
172296,RUS
172300,RUS
172357,RUS
172360,RUS
172364,RUS
172370,RUS
172371,RUS
172372,RUS
172373,RUS
172374,RUS
172375,RUS
172376,RUS
172377,RUS
172378,RUS
172379,RUS
172381,RUS
172382,RUS
172383,RUS
172384,RUS
172386,RUS
172387,RUS
172389,RUS
172391,RUS
172425,RUS
172427,RUS
172433,RUS
172435,RUS
172441,RUS
172451,RUS
172468,RUS
172474,RUS
172490,RUS
172492,RUS
172495,RUS
172518,RUS
172524,RUS
172525,RUS
172526,RUS
172529,RUS
172566,RUS
172576,RUS
172580,RUS
172595,RUS
172598,RUS
172601,RUS
172602,RUS
172604,RUS
172608,RUS
172618,RUS
172622,RUS
172624,RUS
172625,RUS
172961,SHN
172964,KNA
172978,LCA
172988,SPM
172990,VCT
172996,BLM
172997,MAF
172998,WSM
173050,STP
173053,SAU
173057,SAU
173058,SAU
173059,SAU
173060,SAU
173063,SAU
173064,SAU
173065,SEN
173066,SEN
173067,SEN
173068,SEN
173071,SEN
173072,SEN
173074,SEN
173075,SEN
173076,SEN
173077,SEN
173079,SEN
173084,SEN
173087,SEN
173094,SEN
173097,SEN
173101,SEN
173102,SEN
173103,SEN
173105,SEN
173106,SEN
173108,SEN
173109,SEN
173111,SEN
173113,SEN
173118,SEN
173129,SEN
173133,SEN
173135,SEN
173144,SEN
173161,SEN
173215,SRB
173342,SYC
173343,SLE
173345,SLE
173353,SLE
173356,SLE
173359,SLE
173382,SLE
173393,SLE
173439,SLE
173496,SGP
173497,SXM
173768,SVN
173769,SLB
173770,SLB
173771,SLB
173772,SLB
173773,SLB
173774,SLB
173775,SLB
173776,SLB
173778,SOM
173779,SOM
173782,SOM
173783,SOM
173785,SOM
173786,SOM
173788,SOM
173791,SOM
173792,SOM
173798,SOM
173808,SOM
173809,SOM
173813,SOM
173828,SOM
173829,SOM
173830,SOM
173833,SOM
173844,SOM
173849,SOM
173850,SOM
173863,ZAF
173864,ZAF
173870,ZAF
173871,ZAF
173877,ZAF
173898,ZAF
173934,ZAF
173938,ZAF
173940,ZAF
173947,ZAF
173960,ZAF
174030,ZAF
174045,ZAF
174057,ZAF
174069,ZAF
174080,ZAF
174083,ZAF
174086,ZAF
174088,ZAF
174096,ZAF
174101,ZAF
174114,ZAF
174115,ZAF
174125,ZAF
174127,ZAF
174142,ZAF
174143,ZAF
174146,ZAF
174150,ZAF
174157,ZAF
174158,ZAF
174163,ZAF
174166,ZAF
174171,ZAF
174172,ZAF
174173,ZAF
174182,ZAF
174185,ZAF
174187,ZAF
174188,ZAF
174189,ZAF
174190,ZAF
174192,ZAF
174193,ZAF
174194,ZAF
174195,ZAF
174196,ZAF
174197,ZAF
174198,ZAF
174199,ZAF
174201,ZAF
174202,ZAF
174203,ZAF
174204,ZAF
174205,ZAF
174212,KOR
174213,KOR
174216,KOR
174224,KOR
174225,KOR
174230,KOR
174235,KOR
174244,KOR
174245,KOR
174246,KOR
174247,KOR
174248,KOR
174249,KOR
174262,KOR
174263,KOR
174268,KOR
174274,KOR
174276,KOR
174277,KOR
174289,KOR
174290,KOR
174291,KOR
174292,KOR
174294,KOR
174296,KOR
174297,KOR
174298,KOR
174299,KOR
174301,KOR
174302,KOR
174303,KOR
174304,KOR
174306,KOR
174308,KOR
174310,KOR
174311,KOR
174312,KOR
174313,KOR
174314,KOR
174315,KOR
174317,KOR
174318,KOR
174319,KOR
174321,KOR
174324,KOR
174325,KOR
174329,KOR
174337,KOR
174341,KOR
174342,KOR
174343,KOR
174345,KOR
174349,KOR
174352,KOR
174354,KOR
174355,KOR
174363,KOR
174368,KOR
174370,KOR
174375,KOR
174376,KOR
174377,KOR
174378,KOR
174381,KOR
174385,KOR
174386,KOR
174387,KOR
174390,KOR
174395,KOR
174397,KOR
174398,KOR
174402,KOR
174404,KOR
174406,KOR
174408,KOR
174409,KOR
174411,KOR
174414,KOR
174415,KOR
174418,KOR
174419,KOR
174420,KOR
174421,KOR
174422,KOR
174423,KOR
174425,KOR
174428,KOR
174432,KOR
174433,KOR
174434,KOR
174501,ESP
174505,ESP
174508,ESP
174528,ESP
174577,ESP
174653,ESP
174657,ESP
174733,ESP
174735,ESP
174834,ESP
174906,ESP
174972,ESP
175048,ESP
175084,ESP
177900,ESP
178296,ESP
178494,ESP
178612,ESP
178662,ESP
179225,ESP
180758,ESP
180873,ESP
180953,ESP
181026,ESP
181067,ESP
181068,ESP
181236,ESP
181311,ESP
181358,ESP
181386,ESP
181460,ESP
181577,ESP
181593,ESP
181680,ESP
181755,ESP
182138,ESP
182394,ESP
182581,ESP
182638,ESP
182696,ESP
182742,ESP
182790,LKA
182818,LKA
182863,LKA
182866,LKA
182875,LKA
182876,LKA
182880,LKA
182885,LKA
182887,LKA
182889,LKA
182890,LKA
182902,LKA
182913,LKA
182926,LKA
182929,LKA
182966,LKA
182979,LKA
182982,LKA
182987,LKA
182997,LKA
182998,LKA
183005,LKA
183020,LKA
183041,LKA
183051,LKA
183053,LKA
183054,LKA
183064,LKA
183065,LKA
183073,LKA
183075,LKA
183076,LKA
183089,LKA
183091,LKA
183094,LKA
183095,LKA
183098,LKA
183099,LKA
183171,SDN
183172,SDN
183173,SDN
183176,SDN
183185,SDN
183358,SUR
183383,SUR
183397,SUR
183400,SUR
183401,SUR
183406,SJM
183407,SJM
183412,SWE
183413,SWE
183414,SWE
183415,SWE
183416,SWE
183418,SWE
183419,SWE
183423,SWE
183431,SWE
183432,SWE
183433,SWE
183450,SWE
183458,SWE
183477,SWE
183570,SWE
183585,SWE
183660,SWE
183682,SWE
186531,SYR
186533,SYR
186534,SYR
186536,SYR
186550,SYR
186552,TWN
186553,TWN
186554,TWN
186555,TWN
186556,TWN
186557,TWN
186559,TWN
186560,TWN
186561,TWN
186562,TWN
186563,TWN
186564,TWN
186565,TWN
186566,TWN
186567,TWN
186568,TWN
186569,TWN
186570,TWN
186571,TWN
186572,TWN
186934,TZA
186936,TZA
186959,TZA
186961,TZA
186962,TZA
186970,TZA
186976,TZA
186978,TZA
186980,TZA
187084,TZA
187085,TZA
187430,TZA
187586,TZA
187597,TZA
187598,TZA
187601,TZA
187668,TZA
187683,TZA
187746,TZA
187799,TZA
187967,TZA
187971,TZA
187986,TZA
188076,TZA
188145,TZA
188263,TZA
188270,TZA
188600,TZA
190331,THA
190616,THA
191635,THA
192114,THA
192202,THA
192638,THA
192807,THA
192861,THA
192990,THA
193086,THA
193146,THA
193177,THA
193388,THA
193666,THA
193778,THA
193788,THA
193803,THA
193804,THA
193807,THA
193834,THA
193837,THA
193862,THA
193895,THA
193946,THA
194022,THA
194052,THA
194101,THA
194131,THA
194141,THA
194172,THA
194181,THA
194220,THA
194251,THA
194257,THA
194289,THA
194290,THA
194317,THA
194322,THA
194330,THA
194425,THA
194434,THA
194463,THA
194536,THA
194612,THA
194633,THA
194676,THA
194681,THA
194682,THA
194692,THA
194698,THA
194701,THA
194725,THA
194734,THA
194740,THA
194744,THA
194749,THA
194751,THA
194754,THA
194755,THA
194758,THA
194759,THA
194760,THA
194761,THA
194763,THA
194765,THA
194785,THA
194793,THA
194808,THA
194809,THA
194820,THA
194827,THA
194840,THA
194854,THA
194855,THA
194874,THA
194879,THA
194907,THA
195032,THA
195049,THA
195056,THA
195074,THA
195103,THA
195110,THA
195111,THA
195113,THA
195140,THA
195162,THA
195166,THA
195168,THA
195205,THA
195206,THA
195210,THA
195218,THA
195224,THA
195226,THA
195232,THA
195263,THA
195273,THA
195311,THA
195337,THA
195405,THA
195474,THA
195577,THA
195581,THA
195604,THA
195613,THA
195665,TGO
195667,TGO
195680,TGO
195681,TKL
195684,TON
195689,TTO
195694,TTO
195699,TTO
195705,TUN
195711,TUN
195712,TUN
195714,TUN
195716,TUN
195723,TUN
195730,TUN
195754,TUN
195756,TUN
195759,TUN
195763,TUN
195778,TUN
195784,TUN
195786,TUN
195857,TUN
195861,TUN
195986,TUR
196006,TUR
196066,TUR
196068,TUR
196071,TUR
196077,TUR
196083,TUR
196085,TUR
196095,TUR
196096,TUR
196107,TUR
196115,TUR
196117,TUR
196118,TUR
196119,TUR
196120,TUR
196168,TUR
196169,TUR
196170,TUR
196174,TUR
196175,TUR
196195,TUR
196197,TUR
196202,TUR
196203,TUR
196204,TUR
196206,TUR
196207,TUR
196208,TUR
196210,TUR
196212,TUR
196213,TUR
196215,TUR
196216,TUR
196217,TUR
196218,TUR
196219,TUR
196220,TUR
196223,TUR
196251,TUR
196254,TUR
196260,TUR
196261,TUR
196263,TUR
196264,TUR
196268,TUR
196296,TUR
196300,TUR
196301,TUR
196303,TUR
196305,TUR
196307,TUR
196308,TUR
196309,TUR
196310,TUR
196311,TUR
196314,TUR
196315,TUR
196316,TUR
196317,TUR
196318,TUR
196323,TUR
196327,TUR
196347,TUR
196359,TUR
196360,TUR
196374,TUR
196377,TUR
196393,TUR
196398,TUR
196456,TUR
196457,TUR
196463,TUR
196465,TUR
196473,TUR
196479,TUR
196482,TUR
196603,TUR
196655,TUR
196659,TUR
196666,TUR
196671,TUR
196708,TUR
196713,TUR
196714,TUR
196719,TUR
196720,TUR
196722,TUR
196724,TUR
196764,TUR
196766,TUR
196767,TUR
196768,TUR
196836,TUR
196845,TUR
196848,TUR
196855,TUR
196856,TUR
196858,TUR
196871,TUR
196872,TUR
196874,TUR
196875,TUR
196879,TUR
196882,TUR
196885,TUR
196895,TUR
196896,TUR
196898,TUR
196904,TCA
196910,TUV
202308,UKR
202352,UKR
202355,UKR
202390,UKR
202609,UKR
202634,UKR
202640,UKR
202686,UKR
202703,UKR
202724,UKR
202754,UKR
202776,UKR
202780,UKR
202807,UKR
202810,UKR
202826,UKR
202832,UKR
202841,UKR
202844,UKR
202855,UKR
202862,UKR
202864,UKR
202874,UKR
202876,UKR
202880,UKR
202885,UKR
202886,UKR
202887,UKR
202888,UKR
202889,ARE
202890,ARE
202891,ARE
202892,ARE
202893,ARE
202894,ARE
202895,ARE
202898,GBR
202899,GBR
202907,GBR
202909,GBR
202913,GBR
202916,GBR
202920,GBR
202922,GBR
202924,GBR
202928,GBR
202929,GBR
202931,GBR
202932,GBR
202933,GBR
202937,GBR
202938,GBR
202941,GBR
202942,GBR
202947,GBR
202948,GBR
202949,GBR
202951,GBR
202953,GBR
202956,GBR
202957,GBR
202961,GBR
202965,GBR
202968,GBR
202970,GBR
202973,GBR
202975,GBR
202982,GBR
202983,GBR
202989,GBR
202991,GBR
202996,GBR
202998,GBR
202999,GBR
203000,GBR
203002,GBR
203003,GBR
203004,GBR
203005,GBR
203006,GBR
203011,GBR
203013,GBR
203015,GBR
203017,GBR
203021,GBR
203022,GBR
203026,GBR
203028,GBR
203029,GBR
203031,GBR
203036,GBR
203037,GBR
203038,GBR
203039,GBR
203044,GBR
203046,GBR
203047,GBR
203048,GBR
203049,GBR
203050,GBR
203053,GBR
203055,GBR
203056,GBR
203059,GBR
203062,GBR
203063,GBR
203065,GBR
203066,GBR
203067,GBR
203068,GBR
203069,GBR
203070,GBR
203072,GBR
203073,GBR
203075,GBR
203077,GBR
203078,GBR
203080,GBR
203083,GBR
203084,GBR
203085,GBR
203086,GBR
203087,GBR
203088,GBR
203099,USA
203151,USA
203153,USA
203154,USA
203155,USA
203185,USA
203188,USA
203206,USA
203217,USA
203220,USA
203262,USA
203282,USA
203287,USA
203288,USA
203289,USA
203294,USA
203296,USA
203300,USA
203305,USA
203315,USA
203331,USA
203337,USA
203338,USA
203339,USA
203341,USA
203343,USA
203344,USA
203345,USA
203346,USA
203347,USA
203348,USA
203349,USA
203350,USA
203351,USA
203352,USA
203353,USA
203354,USA
203355,USA
203356,USA
203357,USA
203358,USA
203359,USA
203360,USA
203361,USA
203387,USA
203400,USA
203412,USA
203426,USA
203431,USA
203456,USA
203458,USA
203483,USA
203490,USA
203498,USA
203503,USA
203504,USA
203522,USA
203524,USA
203527,USA
203529,USA
203533,USA
203544,USA
203551,USA
203558,USA
203563,USA
203570,USA
203587,USA
203594,USA
203602,USA
203616,USA
203626,USA
203628,USA
203633,USA
203637,USA
203667,USA
203680,USA
203695,USA
203707,USA
203709,USA
203716,USA
203717,USA
203724,USA
203730,USA
203743,USA
203768,USA
203789,USA
203803,USA
203804,USA
203806,USA
203837,USA
203839,USA
203854,USA
203857,USA
203879,USA
203898,USA
203904,USA
203914,USA
203922,USA
203927,USA
203931,USA
203967,USA
203978,USA
203992,USA
204002,USA
204004,USA
204008,USA
204009,USA
204041,USA
204061,USA
204083,USA
204098,USA
204103,USA
204111,USA
204115,USA
204116,USA
204117,USA
204120,USA
204158,USA
204159,USA
204164,USA
204173,USA
204196,USA
204198,USA
204213,USA
204249,USA
204253,USA
204263,USA
204265,USA
204278,USA
204285,USA
204289,USA
204319,USA
204321,USA
204322,USA
204335,USA
204352,USA
204353,USA
204359,USA
204365,USA
204367,USA
204374,USA
204378,USA
204385,USA
204387,USA
204394,USA
204398,USA
204404,USA
204409,USA
204411,USA
204414,USA
204415,USA
204419,USA
204422,USA
204428,USA
204439,USA
204442,USA
204445,USA
204447,USA
204452,USA
204454,USA
204455,USA
204456,USA
204457,USA
204458,USA
204475,USA
204476,USA
204479,USA
204480,USA
204488,USA
204494,USA
204539,USA
204542,USA
204548,USA
204556,USA
204565,USA
204569,USA
204592,USA
204601,USA
204602,USA
204609,USA
204627,USA
204628,USA
204634,USA
204635,USA
204636,USA
204638,USA
204639,USA
204641,USA
204643,USA
204647,USA
204653,USA
204662,USA
204682,USA
204691,USA
204697,USA
204701,USA
204711,USA
204724,USA
204737,USA
204758,USA
204764,USA
204770,USA
204780,USA
204795,USA
204834,USA
204840,USA
204847,USA
204850,USA
204851,USA
204867,USA
204868,USA
204881,USA
204882,USA
204891,USA
204902,USA
204904,USA
204915,USA
204923,USA
204931,USA
204963,USA
204967,USA
204968,USA
204969,USA
204970,USA
204975,USA
204977,USA
204995,USA
205003,USA
205007,USA
205015,USA
205022,USA
205038,USA
205041,USA
205047,USA
205059,USA
205066,USA
205082,USA
205092,USA
205110,USA
205123,USA
205129,USA
205131,USA
205146,USA
205158,USA
205168,USA
205181,USA
205192,USA
205196,USA
205208,USA
205210,USA
205211,USA
205216,USA
205226,USA
205227,USA
205235,USA
205236,USA
205240,USA
205242,USA
205247,USA
205275,USA
205279,USA
205286,USA
205288,USA
205289,USA
205290,USA
205295,USA
205298,USA
205299,USA
205305,USA
205306,USA
205307,USA
205310,USA
205316,USA
205317,USA
205321,USA
205327,USA
205330,USA
205331,USA
205340,USA
205341,USA
205371,USA
205395,USA
205406,USA
205409,USA
205438,USA
205445,USA
205449,USA
205458,USA
205462,USA
205469,USA
205477,USA
205491,USA
205501,USA
205502,USA
205515,USA
205516,USA
205521,USA
205529,USA
205536,USA
205541,USA
205553,USA
205561,USA
205582,USA
205583,USA
205585,USA
205588,USA
205593,USA
205596,USA
205598,USA
205602,USA
205603,USA
205604,USA
205612,USA
205630,USA
205635,USA
205636,USA
205638,USA
205647,USA
205648,USA
205653,USA
205659,USA
205672,USA
205683,USA
205684,USA
205686,USA
205687,USA
205688,USA
205689,USA
205690,USA
205691,USA
205692,USA
205693,USA
205706,USA
205710,USA
205711,USA
205717,USA
205719,USA
205729,USA
205736,USA
205746,USA
205750,USA
205759,USA
205761,USA
205762,USA
205763,USA
205765,USA
205766,USA
205767,USA
205768,USA
205769,USA
205770,USA
205778,USA
205780,USA
205781,USA
205787,USA
205789,USA
205790,USA
205798,USA
205799,USA
205800,USA
205813,USA
205816,USA
205819,USA
205822,USA
205823,USA
205832,USA
205837,USA
205838,USA
205851,USA
205857,USA
205861,USA
205872,USA
205873,USA
205874,USA
205879,USA
205883,USA
205884,USA
205885,USA
205890,USA
205892,USA
205894,USA
205895,USA
205896,USA
205898,USA
205901,USA
205922,USA
205923,USA
205926,USA
205934,USA
205940,USA
205963,USA
205964,USA
205968,USA
205969,USA
205970,USA
205973,USA
205975,USA
205976,USA
205984,USA
205995,USA
205997,USA
205998,USA
206000,USA
206003,USA
206005,USA
206007,USA
206014,USA
206015,USA
206016,USA
206020,USA
206026,USA
206035,USA
206039,USA
206041,USA
206045,USA
206048,USA
206049,USA
206052,USA
206057,USA
206058,USA
206065,USA
206066,USA
206068,USA
206069,USA
206070,USA
206071,USA
206072,USA
206075,USA
206076,USA
206077,USA
206078,USA
206079,USA
206080,USA
206081,USA
206082,USA
206083,USA
206084,USA
206085,USA
206086,USA
206087,USA
206088,USA
206090,USA
206093,USA
206094,USA
206095,USA
206097,USA
206098,USA
206100,USA
206101,USA
206103,USA
206106,USA
206108,USA
206110,USA
206111,USA
206112,USA
206113,USA
206115,USA
206117,USA
206118,USA
206119,USA
206120,USA
206121,USA
206122,USA
206124,USA
206125,USA
206128,USA
206129,USA
206130,USA
206131,USA
206132,USA
206133,USA
206134,USA
206137,USA
206138,USA
206139,USA
206141,USA
206142,USA
206143,USA
206144,USA
206145,USA
206146,USA
206147,USA
206149,USA
206150,USA
206152,USA
206154,USA
206157,USA
206159,USA
206160,USA
206161,USA
206162,USA
206164,USA
206165,USA
206168,USA
206169,USA
206170,USA
206173,USA
206174,USA
206176,USA
206177,USA
206178,USA
206182,USA
206183,USA
206184,USA
206185,USA
206187,USA
206188,USA
206190,USA
206191,USA
206192,USA
206193,USA
206194,USA
206197,USA
206198,USA
206202,USA
206203,USA
206204,USA
206205,USA
206206,USA
206207,USA
206209,USA
206210,USA
206211,USA
206212,USA
206213,USA
206217,USA
206218,USA
206219,USA
206220,USA
206221,USA
206223,USA
206224,USA
206225,USA
206226,USA
206227,USA
206228,USA
206229,USA
206230,USA
206231,USA
206232,USA
206233,USA
206234,USA
206235,USA
206236,USA
206237,USA
206238,USA
206269,URY
206304,URY
206322,URY
206329,URY
206448,URY
206612,VUT
206617,VUT
206627,VEN
206628,VEN
206631,VEN
206633,VEN
206634,VEN
206673,VEN
206678,VEN
206685,VEN
206686,VEN
206688,VEN
206690,VEN
206694,VEN
206704,VEN
206708,VEN
206714,VEN
206728,VEN
206731,VEN
206740,VEN
206741,VEN
206744,VEN
206756,VEN
206758,VEN
206769,VEN
206788,VEN
206806,VEN
206815,VEN
206834,VEN
206846,VEN
206847,VEN
206848,VEN
206851,VEN
206870,VEN
206897,VEN
206900,VEN
206907,VEN
206910,VEN
206911,VEN
206913,VEN
206924,VEN
206930,VEN
206931,VEN
206932,VEN
206933,VEN
206940,VEN
206951,VEN
206952,VEN
206955,VEN
207062,VNM
207125,VNM
207200,VNM
207221,VNM
208371,VNM
208508,VNM
208916,VNM
209001,VNM
209062,VNM
209091,VNM
209268,VNM
209351,VNM
209365,VNM
209557,VNM
209599,VNM
209676,VNM
209726,VNM
209789,VNM
209790,VNM
209792,VNM
209867,VNM
209880,VNM
210023,VNM
210087,VNM
210105,VNM
210208,VNM
210226,VNM
210255,VNM
210297,VNM
210379,VNM
210412,VNM
210423,VNM
210424,VNM
210520,VNM
210530,VNM
210619,VNM
210678,VNM
210682,VNM
210773,VNM
210775,VNM
210777,VNM
210880,VNM
210943,VNM
210986,VNM
211002,VNM
211066,VNM
211221,VNM
211225,VNM
211291,VNM
211409,VNM
211439,VNM
211449,VNM
211528,VNM
211581,VNM
211704,VNM
211738,VNM
211766,VNM
211779,VNM
211823,VNM
211840,VNM
211882,VNM
211884,VNM
211886,VNM
211949,VNM
212139,VNM
212156,VNM
212258,VNM
212286,VNM
212321,VNM
212609,VNM
212685,VNM
212727,VNM
212797,VNM
212896,VNM
212990,VNM
212993,VNM
213140,VNM
213162,VNM
213330,VNM
213404,VNM
213413,VNM
213475,VNM
213482,VNM
213494,VNM
213525,VNM
213566,VNM
213748,VNM
213881,VNM
213990,VNM
214000,VNM
214006,VNM
214017,VNM
214236,VNM
214367,VNM
214380,VNM
214399,VNM
214411,VNM
214444,VNM
214500,VNM
214629,VNM
214731,VNM
214789,VNM
214810,VNM
214817,VNM
214830,VNM
214841,VNM
214921,VNM
214938,VNM
215332,VNM
215386,VNM
215546,VNM
215591,VNM
215652,VNM
215697,VNM
215742,VNM
215746,VNM
215768,VNM
215771,VNM
215780,VNM
215863,VNM
215872,VNM
215956,VNM
215993,VNM
216000,VNM
216039,VNM
216041,VNM
216059,VNM
216072,VNM
216086,VNM
216090,VNM
216115,VNM
216137,VNM
216143,VNM
216168,VNM
216245,VNM
216254,VNM
216293,VNM
216380,VNM
216393,VNM
216401,VNM
216461,VNM
216505,VNM
216522,VNM
216556,VNM
216580,VNM
216601,VNM
216643,VNM
216688,VNM
216757,VNM
216781,VNM
216791,VNM
216805,VNM
216842,VNM
216848,VNM
216969,VNM
216975,VNM
216983,VNM
216992,VNM
217019,VNM
217034,VNM
217065,VNM
217276,VNM
217309,VNM
217434,VNM
217531,VNM
217595,VNM
217688,VNM
217689,VNM
217705,VNM
217707,VNM
217757,VNM
217758,VNM
217761,VIR
217764,WLF
217770,ESH
217773,ESH
217797,YEM
217928,YEM
217939,YEM
217943,YEM
217968,YEM
217986,YEM
217989,YEM
217998,YEM
218009,YEM
218012,YEM
218052,YEM
218054,YEM
218055,YEM
218079,YEM
218091,YEM
218093,YEM
218094,YEM
218098,YEM
218099,YEM
218102,YEM
218104,YEM
218105,YEM
